Date,Price,Balance,Position Value,Total Value,Profit/Loss,Cumulative Return (%),Drawdown (%),Active Trades
2023-01-10 00:00:00,17440.66,7000.00,2999.70,9999.70,-0.30,-0.00,0.00,1
2023-01-11 00:00:00,17943.26,4900.00,5185.93,10085.93,85.93,0.86,0.00,2
2023-01-12 00:00:00,18846.62,3430.00,6916.88,10346.88,346.88,3.47,0.00,3
2023-01-13 00:00:00,19930.01,2401.00,8343.39,10744.39,744.39,7.44,0.00,4
2023-01-14 00:00:00,20954.92,1680.70,9492.68,11173.38,1173.38,11.73,0.00,5
2023-01-15 00:00:00,20871.50,1176.49,9959.05,11135.54,1135.54,11.36,0.34,6
2023-01-16 00:00:00,21185.65,823.54,10461.86,11285.40,1285.40,12.85,0.00,7
2023-01-17 00:00:00,21134.81,576.48,10683.79,11260.27,1260.27,12.60,0.22,8
2023-01-18 00:00:00,20677.47,403.54,10625.53,11029.06,1029.06,10.29,2.27,9
2023-01-19 00:00:00,21071.59,282.48,10949.10,11231.58,1231.58,12.32,0.48,10
2023-01-20 00:00:00,22667.21,282.48,11778.21,12060.69,2060.69,20.61,0.00,10
2023-01-21 00:00:00,22783.55,282.48,11838.66,12121.14,2121.14,21.21,0.00,10
2023-01-22 00:00:00,22707.88,282.48,11799.34,12081.82,2081.82,20.82,0.32,10
2023-01-23 00:00:00,22916.45,282.48,11907.72,12190.20,2190.20,21.90,0.00,10
2023-01-24 00:00:00,22632.89,282.48,11760.38,12042.85,2042.85,20.43,1.21,10
2023-01-25 00:00:00,23060.94,282.48,11982.80,12265.27,2265.27,22.65,0.00,10
2023-01-26 00:00:00,23009.65,282.48,11956.15,12238.62,2238.62,22.39,0.22,10
2023-01-27 00:00:00,23074.16,282.48,11989.67,12272.14,2272.14,22.72,0.00,10
2023-01-28 00:00:00,23022.60,282.48,11962.88,12245.35,2245.35,22.45,0.22,10
2023-01-29 00:00:00,23742.30,282.48,12336.84,12619.32,2619.32,26.19,0.00,10
2023-01-30 00:00:00,22826.15,12142.09,0.00,12142.09,2142.09,21.42,3.78,0
2023-01-31 00:00:00,23125.13,8499.46,3642.26,12141.72,2141.72,21.42,3.78,1
2023-02-01 00:00:00,23732.66,5949.62,6287.53,12237.16,2237.16,22.37,3.03,2
2023-02-02 00:00:00,23488.94,4164.74,8007.67,12172.41,2172.41,21.72,3.54,3
2023-02-03 00:00:00,23431.90,2915.32,9237.52,12152.84,2152.84,21.53,3.70,4
2023-02-04 00:00:00,23326.84,2040.72,10070.61,12111.33,2111.33,21.11,4.03,5
2023-02-05 00:00:00,22932.91,11940.28,0.00,11940.28,1940.28,19.40,5.38,0
2023-02-06 00:00:00,22762.52,11940.28,0.00,11940.28,1940.28,19.40,5.38,0
2023-02-07 00:00:00,23240.46,11940.28,0.00,11940.28,1940.28,19.40,5.38,0
2023-02-08 00:00:00,22963.00,11940.28,0.00,11940.28,1940.28,19.40,5.38,0
2023-02-09 00:00:00,21796.35,11940.28,0.00,11940.28,1940.28,19.40,5.38,0
2023-02-10 00:00:00,21625.19,11940.28,0.00,11940.28,1940.28,19.40,5.38,0
2023-02-11 00:00:00,21862.55,11940.28,0.00,11940.28,1940.28,19.40,5.38,0
2023-02-12 00:00:00,21783.54,11940.28,0.00,11940.28,1940.28,19.40,5.38,0
2023-02-13 00:00:00,21773.97,11940.28,0.00,11940.28,1940.28,19.40,5.38,0
2023-02-14 00:00:00,22199.84,11940.28,0.00,11940.28,1940.28,19.40,5.38,0
2023-02-15 00:00:00,24324.05,8358.19,3581.72,11939.92,1939.92,19.40,5.38,1
2023-02-16 00:00:00,23517.72,5850.74,5970.20,11820.93,1820.93,18.21,6.33,2
2023-02-17 00:00:00,24569.97,4095.51,7992.37,12087.88,2087.88,20.88,4.21,3
2023-02-18 00:00:00,24631.95,2866.86,9241.06,12107.92,2107.92,21.08,4.05,4
2023-02-19 00:00:00,24271.76,2006.80,9965.90,11972.70,1972.70,19.73,5.12,5
2023-02-20 00:00:00,24842.20,1404.76,10802.10,12206.87,2206.87,22.07,3.27,6
2023-02-21 00:00:00,24452.16,983.33,11053.89,12037.22,2037.22,20.37,4.61,7
2023-02-22 00:00:00,24182.21,688.33,11226.83,11915.16,1915.16,19.15,5.58,8
2023-02-23 00:00:00,23940.20,11801.69,0.00,11801.69,1801.69,18.02,6.48,0
2023-02-24 00:00:00,23185.29,11801.69,0.00,11801.69,1801.69,18.02,6.48,0
2023-02-25 00:00:00,23157.07,11801.69,0.00,11801.69,1801.69,18.02,6.48,0
2023-02-26 00:00:00,23554.85,11801.69,0.00,11801.69,1801.69,18.02,6.48,0
2023-02-27 00:00:00,23492.09,11801.69,0.00,11801.69,1801.69,18.02,6.48,0
2023-02-28 00:00:00,23141.57,11801.69,0.00,11801.69,1801.69,18.02,6.48,0
2023-03-01 00:00:00,23628.97,11801.69,0.00,11801.69,1801.69,18.02,6.48,0
2023-03-02 00:00:00,23465.32,11801.69,0.00,11801.69,1801.69,18.02,6.48,0
2023-03-03 00:00:00,22354.34,11801.69,0.00,11801.69,1801.69,18.02,6.48,0
2023-03-04 00:00:00,22346.57,11801.69,0.00,11801.69,1801.69,18.02,6.48,0
2023-03-05 00:00:00,22430.24,11801.69,0.00,11801.69,1801.69,18.02,6.48,0
2023-03-06 00:00:00,22410.00,11801.69,0.00,11801.69,1801.69,18.02,6.48,0
2023-03-07 00:00:00,22197.96,11801.69,0.00,11801.69,1801.69,18.02,6.48,0
2023-03-08 00:00:00,21705.44,11801.69,0.00,11801.69,1801.69,18.02,6.48,0
2023-03-09 00:00:00,20362.22,11801.69,0.00,11801.69,1801.69,18.02,6.48,0
2023-03-10 00:00:00,20150.69,11801.69,0.00,11801.69,1801.69,18.02,6.48,0
2023-03-11 00:00:00,20455.73,11801.69,0.00,11801.69,1801.69,18.02,6.48,0
2023-03-12 00:00:00,21997.11,8261.18,3540.15,11801.34,1801.34,18.01,6.48,1
2023-03-13 00:00:00,24113.48,5782.83,6358.86,12141.69,2141.69,21.42,3.78,2
2023-03-14 00:00:00,24670.41,4047.98,8240.40,12288.38,2288.38,22.88,2.62,3
2023-03-15 00:00:00,24285.66,2833.59,9326.16,12159.75,2159.75,21.60,3.64,4
2023-03-16 00:00:00,24998.78,1983.51,10450.01,12433.52,2433.52,24.34,1.47,5
2023-03-17 00:00:00,27395.13,1388.46,12046.72,13435.18,3435.18,34.35,0.00,6
2023-03-18 00:00:00,26907.49,971.92,12248.78,13220.70,3220.70,32.21,1.60,7
2023-03-19 00:00:00,27972.87,680.34,13025.31,13705.66,3705.66,37.06,0.00,8
2023-03-20 00:00:00,27717.01,476.24,13110.26,13586.50,3586.50,35.86,0.87,9
2023-03-21 00:00:00,28105.47,333.37,13436.86,13770.23,3770.23,37.70,0.00,10
2023-03-22 00:00:00,27250.97,333.37,13028.33,13361.70,3361.70,33.62,2.97,10
2023-03-23 00:00:00,28295.41,333.37,13527.66,13861.03,3861.03,38.61,0.00,10
2023-03-24 00:00:00,27454.47,333.37,13125.62,13458.99,3458.99,34.59,2.90,10
2023-03-25 00:00:00,27462.95,333.37,13129.68,13463.04,3463.04,34.63,2.87,10
2023-03-26 00:00:00,27968.05,333.37,13371.16,13704.53,3704.53,37.05,1.13,10
2023-03-27 00:00:00,27124.91,13300.14,0.00,13300.14,3300.14,33.00,4.05,0
2023-03-28 00:00:00,27261.07,13300.14,0.00,13300.14,3300.14,33.00,4.05,0
2023-03-29 00:00:00,28348.60,9310.09,3989.64,13299.74,3299.74,33.00,4.05,1
2023-03-30 00:00:00,28028.53,6517.07,6737.35,13254.41,3254.41,32.54,4.38,2
2023-03-31 00:00:00,28465.36,4561.95,8797.27,13359.22,3359.22,33.59,3.62,3
2023-04-01 00:00:00,28452.73,3193.36,10161.82,13355.18,3355.18,33.55,3.65,4
2023-04-02 00:00:00,28171.87,2235.35,11019.42,13254.77,3254.77,32.55,4.37,5
2023-04-03 00:00:00,27800.00,13108.23,0.00,13108.23,3108.23,31.08,5.43,0
2023-04-04 00:00:00,28165.47,9175.76,3932.08,13107.84,3107.84,31.08,5.43,1
2023-04-05 00:00:00,28170.01,6423.03,6685.16,13108.20,3108.20,31.08,5.43,2
2023-04-06 00:00:00,28033.82,13075.21,0.00,13075.21,3075.21,30.75,5.67,0
2023-04-07 00:00:00,27906.33,13075.21,0.00,13075.21,3075.21,30.75,5.67,0
2023-04-08 00:00:00,27938.38,13075.21,0.00,13075.21,3075.21,30.75,5.67,0
2023-04-09 00:00:00,28323.76,9152.65,3922.17,13074.82,3074.82,30.75,5.67,1
2023-04-10 00:00:00,29637.34,6406.85,6849.59,13256.44,3256.44,32.56,4.36,2
2023-04-11 00:00:00,30200.42,4484.80,8901.59,13386.39,3386.39,33.86,3.42,3
2023-04-12 00:00:00,29888.07,3139.36,10154.83,13294.19,3294.19,32.94,4.09,4
2023-04-13 00:00:00,30373.84,2197.55,11261.59,13459.14,3459.14,34.59,2.90,5
2023-04-14 00:00:00,30466.93,1538.29,11955.30,13493.59,3493.59,34.94,2.65,6
2023-04-15 00:00:00,30295.09,1076.80,12349.31,13426.11,3426.11,34.26,3.14,7
2023-04-16 00:00:00,30304.65,753.76,12676.22,13429.98,3429.98,34.30,3.11,8
2023-04-17 00:00:00,29430.27,13063.00,0.00,13063.00,3063.00,30.63,5.76,0
2023-04-18 00:00:00,30380.01,9144.10,3918.51,13062.61,3062.61,30.63,5.76,1
2023-04-19 00:00:00,28797.10,12858.07,0.00,12858.07,2858.07,28.58,7.24,0
2023-04-20 00:00:00,28243.65,12858.07,0.00,12858.07,2858.07,28.58,7.24,0
2023-04-21 00:00:00,27262.84,12858.07,0.00,12858.07,2858.07,28.58,7.24,0
2023-04-22 00:00:00,27816.85,12858.07,0.00,12858.07,2858.07,28.58,7.24,0
2023-04-23 00:00:00,27590.60,12858.07,0.00,12858.07,2858.07,28.58,7.24,0
2023-04-24 00:00:00,27510.93,12858.07,0.00,12858.07,2858.07,28.58,7.24,0
2023-04-25 00:00:00,28300.79,12858.07,0.00,12858.07,2858.07,28.58,7.24,0
2023-04-26 00:00:00,28415.29,9000.65,3857.03,12857.68,2857.68,28.58,7.24,1
2023-04-27 00:00:00,29472.77,6300.45,6700.50,13000.95,3000.95,30.01,6.21,2
2023-04-28 00:00:00,29311.70,4410.32,8553.83,12964.14,2964.14,29.64,6.47,3
2023-04-29 00:00:00,29230.45,3087.22,9853.08,12940.30,2940.30,29.40,6.64,4
2023-04-30 00:00:00,29233.21,2161.06,10780.08,12941.14,2941.14,29.41,6.64,5
2023-05-01 00:00:00,28068.26,12510.51,0.00,12510.51,2510.51,25.11,9.74,0
2023-05-02 00:00:00,28669.86,8757.36,3752.78,12510.14,2510.14,25.10,9.75,1
2023-05-03 00:00:00,29026.16,6130.15,6426.36,12556.51,2556.51,25.57,9.41,2
2023-05-04 00:00:00,28838.16,12514.25,0.00,12514.25,2514.25,25.14,9.72,0
2023-05-05 00:00:00,29505.61,8759.98,3753.90,12513.88,2513.88,25.14,9.72,1
2023-05-06 00:00:00,28848.20,12429.87,0.00,12429.87,2429.87,24.30,10.33,0
2023-05-07 00:00:00,28430.10,12429.87,0.00,12429.87,2429.87,24.30,10.33,0
2023-05-08 00:00:00,27668.79,12429.87,0.00,12429.87,2429.87,24.30,10.33,0
2023-05-09 00:00:00,27628.27,12429.87,0.00,12429.87,2429.87,24.30,10.33,0
2023-05-10 00:00:00,27598.75,12429.87,0.00,12429.87,2429.87,24.30,10.33,0
2023-05-11 00:00:00,26968.62,12429.87,0.00,12429.87,2429.87,24.30,10.33,0
2023-05-12 00:00:00,26795.01,12429.87,0.00,12429.87,2429.87,24.30,10.33,0
2023-05-13 00:00:00,26775.28,12429.87,0.00,12429.87,2429.87,24.30,10.33,0
2023-05-14 00:00:00,26917.62,12429.87,0.00,12429.87,2429.87,24.30,10.33,0
2023-05-15 00:00:00,27162.14,12429.87,0.00,12429.87,2429.87,24.30,10.33,0
2023-05-16 00:00:00,27033.84,12429.87,0.00,12429.87,2429.87,24.30,10.33,0
2023-05-17 00:00:00,27405.61,8700.91,3728.59,12429.50,2429.50,24.29,10.33,1
2023-05-18 00:00:00,26821.28,12349.63,0.00,12349.63,2349.63,23.50,10.90,0
2023-05-19 00:00:00,26880.26,12349.63,0.00,12349.63,2349.63,23.50,10.90,0
2023-05-20 00:00:00,27102.43,8644.74,3704.52,12349.26,2349.26,23.49,10.91,1
2023-05-21 00:00:00,26747.78,12300.42,0.00,12300.42,2300.42,23.00,11.26,0
2023-05-22 00:00:00,26849.27,12300.42,0.00,12300.42,2300.42,23.00,11.26,0
2023-05-23 00:00:00,27219.61,8610.29,3689.76,12300.05,2300.05,23.00,11.26,1
2023-05-24 00:00:00,26329.01,12178.97,0.00,12178.97,2178.97,21.79,12.14,0
2023-05-25 00:00:00,26473.79,12178.97,0.00,12178.97,2178.97,21.79,12.14,0
2023-05-26 00:00:00,26705.92,12178.97,0.00,12178.97,2178.97,21.79,12.14,0
2023-05-27 00:00:00,26854.27,8525.28,3653.33,12178.60,2178.60,21.79,12.14,1
2023-05-28 00:00:00,28065.00,5967.70,6375.36,12343.06,2343.06,23.43,10.95,2
2023-05-29 00:00:00,27736.40,4177.39,8090.85,12268.23,2268.23,22.68,11.49,3
2023-05-30 00:00:00,27694.40,2924.17,9331.69,12255.86,2255.86,22.56,11.58,4
2023-05-31 00:00:00,27210.35,2046.92,10045.75,12092.67,2092.67,20.93,12.76,5
2023-06-01 00:00:00,26817.93,11946.80,0.00,11946.80,1946.80,19.47,13.81,0
2023-06-02 00:00:00,27242.59,8362.76,3583.68,11946.44,1946.44,19.46,13.81,1
2023-06-03 00:00:00,27069.22,11923.28,0.00,11923.28,1923.28,19.23,13.98,0
2023-06-04 00:00:00,27115.21,11923.28,0.00,11923.28,1923.28,19.23,13.98,0
2023-06-05 00:00:00,25728.20,11923.28,0.00,11923.28,1923.28,19.23,13.98,0
2023-06-06 00:00:00,27230.08,8346.30,3576.63,11922.92,1922.92,19.23,13.98,1
2023-06-07 00:00:00,26339.34,11805.58,0.00,11805.58,1805.58,18.06,14.83,0
2023-06-08 00:00:00,26498.61,11805.58,0.00,11805.58,1805.58,18.06,14.83,0
2023-06-09 00:00:00,26477.81,11805.58,0.00,11805.58,1805.58,18.06,14.83,0
2023-06-10 00:00:00,25841.21,11805.58,0.00,11805.58,1805.58,18.06,14.83,0
2023-06-11 00:00:00,25925.55,11805.58,0.00,11805.58,1805.58,18.06,14.83,0
2023-06-12 00:00:00,25905.19,11805.58,0.00,11805.58,1805.58,18.06,14.83,0
2023-06-13 00:00:00,25934.25,11805.58,0.00,11805.58,1805.58,18.06,14.83,0
2023-06-14 00:00:00,25128.60,11805.58,0.00,11805.58,1805.58,18.06,14.83,0
2023-06-15 00:00:00,25598.49,11805.58,0.00,11805.58,1805.58,18.06,14.83,0
2023-06-16 00:00:00,26345.00,8263.91,3541.32,11805.23,1805.23,18.05,14.83,1
2023-06-17 00:00:00,26516.99,5784.73,6043.36,11828.10,1828.10,18.28,14.67,2
2023-06-18 00:00:00,26339.97,4049.31,7738.27,11787.58,1787.58,17.88,14.96,3
2023-06-19 00:00:00,26844.35,2834.52,9101.12,11935.64,1935.64,19.36,13.89,4
2023-06-20 00:00:00,28307.99,1984.16,10447.61,12431.77,2431.77,24.32,10.31,5
2023-06-21 00:00:00,29993.89,1388.91,11665.01,13053.93,3053.93,30.54,5.82,6
2023-06-22 00:00:00,29884.92,972.24,12039.27,13011.51,3011.51,30.12,6.13,7
2023-06-23 00:00:00,30688.50,680.57,12654.63,13335.20,3335.20,33.35,3.79,8
2023-06-24 00:00:00,30527.43,476.40,12792.37,13268.76,3268.76,32.69,4.27,9
2023-06-25 00:00:00,30462.66,333.48,12908.13,13241.61,3241.61,32.42,4.47,10
2023-06-26 00:00:00,30267.99,333.48,12825.64,13159.12,3159.12,31.59,5.06,10
2023-06-27 00:00:00,30692.44,333.48,13005.50,13338.97,3338.97,33.39,3.77,10
2023-06-28 00:00:00,30077.41,333.48,12744.89,13078.36,3078.36,30.78,5.65,10
2023-06-29 00:00:00,30447.31,333.48,12901.63,13235.10,3235.10,32.35,4.52,10
2023-06-30 00:00:00,30472.00,333.48,12912.09,13245.57,3245.57,32.46,4.44,10
2023-07-01 00:00:00,30585.90,333.48,12960.35,13293.83,3293.83,32.94,4.09,10
2023-07-02 00:00:00,30617.03,333.48,12973.54,13307.02,3307.02,33.07,4.00,10
2023-07-03 00:00:00,31156.20,333.48,13202.01,13535.49,3535.49,35.35,2.35,10
2023-07-04 00:00:00,30766.51,333.48,13036.88,13370.36,3370.36,33.70,3.54,10
2023-07-05 00:00:00,30504.81,13258.18,0.00,13258.18,3258.18,32.58,4.35,0
2023-07-06 00:00:00,29895.43,13258.18,0.00,13258.18,3258.18,32.58,4.35,0
2023-07-07 00:00:00,30344.70,13258.18,0.00,13258.18,3258.18,32.58,4.35,0
2023-07-08 00:00:00,30284.63,13258.18,0.00,13258.18,3258.18,32.58,4.35,0
2023-07-09 00:00:00,30160.71,13258.18,0.00,13258.18,3258.18,32.58,4.35,0
2023-07-10 00:00:00,30411.57,13258.18,0.00,13258.18,3258.18,32.58,4.35,0
2023-07-11 00:00:00,30622.10,9280.72,3977.06,13257.78,3257.78,32.58,4.35,1
2023-07-12 00:00:00,30380.00,13225.94,0.00,13225.94,3225.94,32.26,4.58,0
2023-07-13 00:00:00,31454.23,9258.16,3967.39,13225.54,3225.54,32.26,4.58,1
2023-07-14 00:00:00,30312.01,13081.09,0.00,13081.09,3081.09,30.81,5.63,0
2023-07-15 00:00:00,30289.52,13081.09,0.00,13081.09,3081.09,30.81,5.63,0
2023-07-16 00:00:00,30231.99,13081.09,0.00,13081.09,3081.09,30.81,5.63,0
2023-07-17 00:00:00,30138.00,13081.09,0.00,13081.09,3081.09,30.81,5.63,0
2023-07-18 00:00:00,29859.13,13081.09,0.00,13081.09,3081.09,30.81,5.63,0
2023-07-19 00:00:00,29909.21,13081.09,0.00,13081.09,3081.09,30.81,5.63,0
2023-07-20 00:00:00,29800.00,13081.09,0.00,13081.09,3081.09,30.81,5.63,0
2023-07-21 00:00:00,29901.72,13081.09,0.00,13081.09,3081.09,30.81,5.63,0
2023-07-22 00:00:00,29794.00,13081.09,0.00,13081.09,3081.09,30.81,5.63,0
2023-07-23 00:00:00,30083.75,9156.76,3923.93,13080.70,3080.70,30.81,5.63,1
2023-07-24 00:00:00,29176.50,12961.98,0.00,12961.98,2961.98,29.62,6.49,0
2023-07-25 00:00:00,29228.91,12961.98,0.00,12961.98,2961.98,29.62,6.49,0
2023-07-26 00:00:00,29351.96,12961.98,0.00,12961.98,2961.98,29.62,6.49,0
2023-07-27 00:00:00,29222.78,12961.98,0.00,12961.98,2961.98,29.62,6.49,0
2023-07-28 00:00:00,29314.14,12961.98,0.00,12961.98,2961.98,29.62,6.49,0
2023-07-29 00:00:00,29352.90,12961.98,0.00,12961.98,2961.98,29.62,6.49,0
2023-07-30 00:00:00,29281.09,12961.98,0.00,12961.98,2961.98,29.62,6.49,0
2023-07-31 00:00:00,29232.25,12961.98,0.00,12961.98,2961.98,29.62,6.49,0
2023-08-01 00:00:00,29705.99,9073.39,3888.21,12961.59,2961.59,29.62,6.49,1
2023-08-02 00:00:00,29186.01,12893.15,0.00,12893.15,2893.15,28.93,6.98,0
2023-08-03 00:00:00,29193.64,12893.15,0.00,12893.15,2893.15,28.93,6.98,0
2023-08-04 00:00:00,29113.99,12893.15,0.00,12893.15,2893.15,28.93,6.98,0
2023-08-05 00:00:00,29072.13,12893.15,0.00,12893.15,2893.15,28.93,6.98,0
2023-08-06 00:00:00,29088.42,12893.15,0.00,12893.15,2893.15,28.93,6.98,0
2023-08-07 00:00:00,29211.06,12893.15,0.00,12893.15,2893.15,28.93,6.98,0
2023-08-08 00:00:00,29770.42,9025.21,3867.56,12892.76,2892.76,28.93,6.99,1
2023-08-09 00:00:00,29581.99,6317.64,6550.37,12868.01,2868.01,28.68,7.16,2
2023-08-10 00:00:00,29455.75,4422.35,8417.52,12839.87,2839.87,28.40,7.37,3
2023-08-11 00:00:00,29426.03,3095.65,9735.60,12831.25,2831.25,28.31,7.43,4
2023-08-12 00:00:00,29430.17,2166.95,10665.57,12832.52,2832.52,28.33,7.42,5
2023-08-13 00:00:00,29303.84,12785.68,0.00,12785.68,2785.68,27.86,7.76,0
2023-08-14 00:00:00,29430.93,8949.97,3835.32,12785.29,2785.29,27.85,7.76,1
2023-08-15 00:00:00,29200.00,12754.82,0.00,12754.82,2754.82,27.55,7.98,0
2023-08-16 00:00:00,28730.51,12754.82,0.00,12754.82,2754.82,27.55,7.98,0
2023-08-17 00:00:00,26623.41,12754.82,0.00,12754.82,2754.82,27.55,7.98,0
2023-08-18 00:00:00,26054.00,12754.82,0.00,12754.82,2754.82,27.55,7.98,0
2023-08-19 00:00:00,26100.01,12754.82,0.00,12754.82,2754.82,27.55,7.98,0
2023-08-20 00:00:00,26189.99,12754.82,0.00,12754.82,2754.82,27.55,7.98,0
2023-08-21 00:00:00,26126.92,12754.82,0.00,12754.82,2754.82,27.55,7.98,0
2023-08-22 00:00:00,26056.00,12754.82,0.00,12754.82,2754.82,27.55,7.98,0
2023-08-23 00:00:00,26432.72,12754.82,0.00,12754.82,2754.82,27.55,7.98,0
2023-08-24 00:00:00,26180.05,12754.82,0.00,12754.82,2754.82,27.55,7.98,0
2023-08-25 00:00:00,26060.01,12754.82,0.00,12754.82,2754.82,27.55,7.98,0
2023-08-26 00:00:00,26017.37,12754.82,0.00,12754.82,2754.82,27.55,7.98,0
2023-08-27 00:00:00,26101.77,12754.82,0.00,12754.82,2754.82,27.55,7.98,0
2023-08-28 00:00:00,26120.00,12754.82,0.00,12754.82,2754.82,27.55,7.98,0
2023-08-29 00:00:00,27716.34,8928.37,3826.06,12754.44,2754.44,27.54,7.98,1
2023-08-30 00:00:00,27299.99,6249.86,6446.83,12696.70,2696.70,26.97,8.40,2
2023-08-31 00:00:00,25940.78,12375.11,0.00,12375.11,2375.11,23.75,10.72,0
2023-09-01 00:00:00,25805.05,12375.11,0.00,12375.11,2375.11,23.75,10.72,0
2023-09-02 00:00:00,25869.51,12375.11,0.00,12375.11,2375.11,23.75,10.72,0
2023-09-03 00:00:00,25971.21,12375.11,0.00,12375.11,2375.11,23.75,10.72,0
2023-09-04 00:00:00,25826.02,12375.11,0.00,12375.11,2375.11,23.75,10.72,0
2023-09-05 00:00:00,25792.10,12375.11,0.00,12375.11,2375.11,23.75,10.72,0
2023-09-06 00:00:00,25759.95,12375.11,0.00,12375.11,2375.11,23.75,10.72,0
2023-09-07 00:00:00,26255.00,8662.58,3712.16,12374.74,2374.74,23.75,10.72,1
2023-09-08 00:00:00,25910.50,12325.66,0.00,12325.66,2325.66,23.26,11.08,0
2023-09-09 00:00:00,25901.61,12325.66,0.00,12325.66,2325.66,23.26,11.08,0
2023-09-10 00:00:00,25841.61,12325.66,0.00,12325.66,2325.66,23.26,11.08,0
2023-09-11 00:00:00,25162.52,12325.66,0.00,12325.66,2325.66,23.26,11.08,0
2023-09-12 00:00:00,25840.10,8627.96,3697.33,12325.29,2325.29,23.25,11.08,1
2023-09-13 00:00:00,26222.00,6039.57,6340.10,12379.68,2379.68,23.80,10.69,2
2023-09-14 00:00:00,26522.73,4227.70,8224.51,12452.21,2452.21,24.52,10.16,3
2023-09-15 00:00:00,26600.00,2959.39,9516.65,12476.04,2476.04,24.76,9.99,4
2023-09-16 00:00:00,26559.67,2071.57,10389.95,12461.53,2461.53,24.62,10.10,5
2023-09-17 00:00:00,26527.51,1450.10,10998.78,12448.88,2448.88,24.49,10.19,6
2023-09-18 00:00:00,26762.51,1015.07,11531.20,12546.27,2546.27,25.46,9.49,7
2023-09-19 00:00:00,27210.26,710.55,12028.62,12739.17,2739.17,27.39,8.09,8
2023-09-20 00:00:00,27125.00,497.38,12204.07,12701.45,2701.45,27.01,8.37,9
2023-09-21 00:00:00,26568.08,12449.69,0.00,12449.69,2449.69,24.50,10.18,0
2023-09-22 00:00:00,26580.14,12449.69,0.00,12449.69,2449.69,24.50,10.18,0
2023-09-23 00:00:00,26575.96,12449.69,0.00,12449.69,2449.69,24.50,10.18,0
2023-09-24 00:00:00,26248.38,12449.69,0.00,12449.69,2449.69,24.50,10.18,0
2023-09-25 00:00:00,26304.81,12449.69,0.00,12449.69,2449.69,24.50,10.18,0
2023-09-26 00:00:00,26221.67,12449.69,0.00,12449.69,2449.69,24.50,10.18,0
2023-09-27 00:00:00,26372.99,12449.69,0.00,12449.69,2449.69,24.50,10.18,0
2023-09-28 00:00:00,27021.39,8714.78,3734.53,12449.32,2449.32,24.49,10.18,1
2023-09-29 00:00:00,26906.96,6100.35,6332.89,12433.24,2433.24,24.33,10.30,2
2023-09-30 00:00:00,26962.56,4270.24,8175.90,12446.14,2446.14,24.46,10.21,3
2023-10-01 00:00:00,27992.57,2989.17,9769.18,12758.35,2758.35,27.58,7.96,4
2023-10-02 00:00:00,27494.51,2092.42,10492.02,12584.44,2584.44,25.84,9.21,5
2023-10-03 00:00:00,27426.46,1464.69,11093.71,12558.41,2558.41,25.58,9.40,6
2023-10-04 00:00:00,27778.57,1025.29,11675.50,12700.79,2700.79,27.01,8.37,7
2023-10-05 00:00:00,27410.39,717.70,11828.31,12546.01,2546.01,25.46,9.49,8
2023-10-06 00:00:00,27931.09,502.39,12268.29,12770.68,2770.68,27.71,7.87,9
2023-10-07 00:00:00,27956.67,351.67,12430.23,12781.90,2781.90,27.82,7.79,10
2023-10-08 00:00:00,27917.05,351.67,12412.62,12764.29,2764.29,27.64,7.91,10
2023-10-09 00:00:00,27590.12,12617.70,0.00,12617.70,2617.70,26.18,8.97,0
2023-10-10 00:00:00,27390.12,12617.70,0.00,12617.70,2617.70,26.18,8.97,0
2023-10-11 00:00:00,26875.52,12617.70,0.00,12617.70,2617.70,26.18,8.97,0
2023-10-12 00:00:00,26759.63,12617.70,0.00,12617.70,2617.70,26.18,8.97,0
2023-10-13 00:00:00,26862.00,12617.70,0.00,12617.70,2617.70,26.18,8.97,0
2023-10-14 00:00:00,26852.48,12617.70,0.00,12617.70,2617.70,26.18,8.97,0
2023-10-15 00:00:00,27154.15,12617.70,0.00,12617.70,2617.70,26.18,8.97,0
2023-10-16 00:00:00,28500.78,8832.39,3784.93,12617.32,2617.32,26.17,8.97,1
2023-10-17 00:00:00,28395.91,6182.67,6420.46,12603.13,2603.13,26.03,9.08,2
2023-10-18 00:00:00,28320.00,4327.87,8257.91,12585.78,2585.78,25.86,9.20,3
2023-10-19 00:00:00,28713.71,3029.51,9670.94,12700.45,2700.45,27.00,8.37,4
2023-10-20 00:00:00,29669.04,2120.66,10901.47,13022.12,3022.12,30.22,6.05,5
2023-10-21 00:00:00,29909.80,1484.46,11626.06,13110.52,3110.52,31.11,5.41,6
2023-10-22 00:00:00,29992.46,1039.12,12103.49,13142.61,3142.61,31.43,5.18,7
2023-10-23 00:00:00,33069.99,727.39,13657.13,14384.52,4384.52,43.85,0.00,8
2023-10-24 00:00:00,33922.73,509.17,14227.49,14736.66,4736.66,47.37,0.00,9
2023-10-25 00:00:00,34496.05,356.42,14620.68,14977.10,4977.10,49.77,0.00,10
2023-10-26 00:00:00,34151.66,356.42,14474.72,14831.13,4831.13,48.31,0.97,10
2023-10-27 00:00:00,33892.02,356.42,14364.67,14721.09,4721.09,47.21,1.71,10
2023-10-28 00:00:00,34081.00,356.42,14444.77,14801.19,4801.19,48.01,1.17,10
2023-10-29 00:00:00,34525.89,356.42,14633.33,14989.75,4989.75,49.90,0.00,10
2023-10-30 00:00:00,34474.73,356.42,14611.64,14968.06,4968.06,49.68,0.14,10
2023-10-31 00:00:00,34639.77,356.42,14681.59,15038.01,5038.01,50.38,0.00,10
2023-11-01 00:00:00,35421.43,356.42,15012.89,15369.31,5369.31,53.69,0.00,10
2023-11-02 00:00:00,34941.59,356.42,14809.52,15165.93,5165.93,51.66,1.32,10
2023-11-03 00:00:00,34716.78,356.42,14714.23,15070.65,5070.65,50.71,1.94,10
2023-11-04 00:00:00,35062.07,356.42,14860.58,15217.00,5217.00,52.17,0.99,10
2023-11-05 00:00:00,35011.88,356.42,14839.31,15195.73,5195.73,51.96,1.13,10
2023-11-06 00:00:00,35046.09,356.42,14853.81,15210.23,5210.23,52.10,1.04,10
2023-11-07 00:00:00,35399.12,356.42,15003.43,15359.85,5359.85,53.60,0.06,10
2023-11-08 00:00:00,35624.72,356.42,15099.05,15455.47,5455.47,54.55,0.00,10
2023-11-09 00:00:00,36701.09,356.42,15555.26,15911.68,5911.68,59.12,0.00,10
2023-11-10 00:00:00,37301.63,356.42,15809.79,16166.21,6166.21,61.66,0.00,10
2023-11-11 00:00:00,37130.00,356.42,15737.04,16093.46,6093.46,60.93,0.45,10
2023-11-12 00:00:00,37064.13,356.42,15709.13,16065.54,6065.54,60.66,0.62,10
2023-11-13 00:00:00,36462.93,356.42,15454.32,15810.73,5810.73,58.11,2.20,10
2023-11-14 00:00:00,35551.19,15422.80,0.00,15422.80,5422.80,54.23,4.60,0
2023-11-15 00:00:00,37858.20,10795.96,4626.38,15422.34,5422.34,54.22,4.60,1
2023-11-16 00:00:00,36163.51,15214.80,0.00,15214.80,5214.80,52.15,5.89,0
2023-11-17 00:00:00,36613.92,15214.80,0.00,15214.80,5214.80,52.15,5.89,0
2023-11-18 00:00:00,36568.10,15214.80,0.00,15214.80,5214.80,52.15,5.89,0
2023-11-19 00:00:00,37359.86,10650.36,4563.98,15214.34,5214.34,52.14,5.89,1
2023-11-20 00:00:00,37448.78,7455.25,7769.63,15224.89,5224.89,52.25,5.82,2
2023-11-21 00:00:00,35741.65,14869.96,0.00,14869.96,4869.96,48.70,8.02,0
2023-11-22 00:00:00,37408.34,10408.97,4460.54,14869.51,4869.51,48.70,8.02,1
2023-11-23 00:00:00,37294.28,7286.28,7569.32,14855.60,4855.60,48.56,8.11,2
2023-11-24 00:00:00,37713.57,5100.40,9840.09,14940.48,4940.48,49.40,7.58,3
2023-11-25 00:00:00,37780.67,3570.28,11387.56,14957.84,4957.84,49.58,7.47,4
2023-11-26 00:00:00,37447.43,2499.19,12358.09,14857.29,4857.29,48.57,8.10,5
2023-11-27 00:00:00,37242.70,1749.44,13040.21,14789.65,4789.65,47.90,8.52,6
2023-11-28 00:00:00,37818.87,1224.61,13766.73,14991.34,4991.34,49.91,7.27,7
2023-11-29 00:00:00,37854.64,857.22,14147.10,15004.32,5004.32,50.04,7.19,8
2023-11-30 00:00:00,37723.96,600.06,14355.40,14955.46,4955.46,49.55,7.49,9
2023-12-01 00:00:00,38682.52,420.04,14900.17,15320.21,5320.21,53.20,5.23,10
2023-12-02 00:00:00,39450.35,420.04,15195.93,15615.97,5615.97,56.16,3.40,10
2023-12-03 00:00:00,39972.26,420.04,15396.96,15817.00,5817.00,58.17,2.16,10
2023-12-04 00:00:00,41991.10,420.04,16174.60,16594.64,6594.64,65.95,0.00,10
2023-12-05 00:00:00,44073.32,420.04,16976.66,17396.70,7396.70,73.97,0.00,10
2023-12-06 00:00:00,43762.69,420.04,16857.01,17277.04,7277.04,72.77,0.69,10
2023-12-07 00:00:00,43273.14,420.04,16668.43,17088.47,7088.47,70.88,1.77,10
2023-12-08 00:00:00,44170.99,420.04,17014.28,17434.32,7434.32,74.34,0.00,10
2023-12-09 00:00:00,43713.60,420.04,16838.10,17258.14,7258.14,72.58,1.01,10
2023-12-10 00:00:00,43789.51,420.04,16867.34,17287.38,7287.38,72.87,0.84,10
2023-12-11 00:00:00,41253.40,16308.90,0.00,16308.90,6308.90,63.09,6.46,0
2023-12-12 00:00:00,41492.39,16308.90,0.00,16308.90,6308.90,63.09,6.46,0
2023-12-13 00:00:00,42869.03,16308.90,0.00,16308.90,6308.90,63.09,6.46,0
2023-12-14 00:00:00,43022.26,16308.90,0.00,16308.90,6308.90,63.09,6.46,0
2023-12-15 00:00:00,41940.30,16308.90,0.00,16308.90,6308.90,63.09,6.46,0
2023-12-16 00:00:00,42278.03,16308.90,0.00,16308.90,6308.90,63.09,6.46,0
2023-12-17 00:00:00,41374.65,16308.90,0.00,16308.90,6308.90,63.09,6.46,0
2023-12-18 00:00:00,42657.80,11416.23,4892.18,16308.41,6308.41,63.08,6.46,1
2023-12-19 00:00:00,42275.99,16264.14,0.00,16264.14,6264.14,62.64,6.71,0
2023-12-20 00:00:00,43668.93,11384.90,4878.75,16263.65,6263.65,62.64,6.71,1
2023-12-21 00:00:00,43861.80,7969.43,8315.43,16284.86,6284.86,62.85,6.59,2
2023-12-22 00:00:00,43969.04,5578.60,10726.35,16304.95,6304.95,63.05,6.48,3
2023-12-23 00:00:00,43702.16,3905.02,12334.65,16239.67,6239.67,62.40,6.85,4
2023-12-24 00:00:00,42991.50,2733.51,13305.46,16038.98,6038.98,60.39,8.00,5
2023-12-25 00:00:00,43576.13,1913.46,14306.37,16219.83,6219.83,62.20,6.97,6
2023-12-26 00:00:00,42508.93,15868.07,0.00,15868.07,5868.07,58.68,8.98,0
2023-12-27 00:00:00,43428.85,11107.65,4759.94,15867.59,5867.59,58.68,8.99,1
2023-12-28 00:00:00,42563.76,15772.31,0.00,15772.31,5772.31,57.72,9.53,0
2023-12-29 00:00:00,42066.95,15772.31,0.00,15772.31,5772.31,57.72,9.53,0
2023-12-30 00:00:00,42140.28,15772.31,0.00,15772.31,5772.31,57.72,9.53,0
2023-12-31 00:00:00,42283.58,15772.31,0.00,15772.31,5772.31,57.72,9.53,0
2024-01-01 00:00:00,44179.55,11040.62,4731.22,15771.84,5771.84,57.72,9.54,1
2024-01-02 00:00:00,44946.91,7728.43,8125.25,15853.68,5853.68,58.54,9.07,2
2024-01-03 00:00:00,42845.23,15472.98,0.00,15472.98,5472.98,54.73,11.25,0
2024-01-04 00:00:00,44151.10,10831.08,4641.43,15472.51,5472.51,54.73,11.25,1
2024-01-05 00:00:00,44145.11,7581.76,7889.80,15471.56,5471.56,54.72,11.26,2
2024-01-06 00:00:00,43968.32,5307.23,10132.50,15439.73,5439.73,54.40,11.44,3
2024-01-07 00:00:00,43929.02,3715.06,11715.46,15430.52,5430.52,54.31,11.49,4
2024-01-08 00:00:00,46951.04,2600.54,13635.81,16236.35,6236.35,62.36,6.87,5
2024-01-09 00:00:00,46110.00,1820.38,14171.63,15992.01,5992.01,59.92,8.27,6
2024-01-10 00:00:00,46653.99,1274.27,14884.88,16159.15,6159.15,61.59,7.31,7
2024-01-11 00:00:00,46339.16,891.99,15166.68,16058.67,6058.67,60.59,7.89,8
2024-01-12 00:00:00,42782.73,14893.26,0.00,14893.26,4893.26,48.93,14.58,0
2024-01-13 00:00:00,42847.99,14893.26,0.00,14893.26,4893.26,48.93,14.58,0
2024-01-14 00:00:00,41732.35,14893.26,0.00,14893.26,4893.26,48.93,14.58,0
2024-01-15 00:00:00,42511.10,14893.26,0.00,14893.26,4893.26,48.93,14.58,0
2024-01-16 00:00:00,43137.95,14893.26,0.00,14893.26,4893.26,48.93,14.58,0
2024-01-17 00:00:00,42776.10,14893.26,0.00,14893.26,4893.26,48.93,14.58,0
2024-01-18 00:00:00,41327.50,14893.26,0.00,14893.26,4893.26,48.93,14.58,0
2024-01-19 00:00:00,41659.03,14893.26,0.00,14893.26,4893.26,48.93,14.58,0
2024-01-20 00:00:00,41696.04,14893.26,0.00,14893.26,4893.26,48.93,14.58,0
2024-01-21 00:00:00,41580.33,14893.26,0.00,14893.26,4893.26,48.93,14.58,0
2024-01-22 00:00:00,39568.02,14893.26,0.00,14893.26,4893.26,48.93,14.58,0
2024-01-23 00:00:00,39897.60,14893.26,0.00,14893.26,4893.26,48.93,14.58,0
2024-01-24 00:00:00,40084.88,14893.26,0.00,14893.26,4893.26,48.93,14.58,0
2024-01-25 00:00:00,39961.09,14893.26,0.00,14893.26,4893.26,48.93,14.58,0
2024-01-26 00:00:00,41823.51,10425.28,4467.53,14892.81,4892.81,48.93,14.58,1
2024-01-27 00:00:00,42120.63,7297.70,7626.54,14924.23,4924.23,49.24,14.40,2
2024-01-28 00:00:00,42031.06,5108.39,9799.41,14907.80,4907.80,49.08,14.49,3
2024-01-29 00:00:00,43302.70,3575.87,11628.25,15204.12,5204.12,52.04,12.79,4
2024-01-30 00:00:00,42941.10,2503.11,12603.80,15106.91,5106.91,51.07,13.35,5
2024-01-31 00:00:00,42580.00,1752.18,13248.67,15000.85,5000.85,50.01,13.96,6
2024-02-01 00:00:00,43082.94,15155.89,0.00,15155.89,5155.89,51.56,13.07,0

Summary Statistics
Initial Capital,10000.00
Final Value,15155.89
Total Return (%),51.56
Max Drawdown (%),14.96
Total Trades,157
Total Data Points,388
