date,time,close,low,sma,entry_signal,exit_signal,account_price,account_balance,position_value,total_value,profit_loss,cumulative_return,drawdown,active_trades
2023-01-10,2023-01-10,17440.66,17146.34,16928.798000000003,1,0,17440.66,7000.0,2999.7,9999.7,-0.3,-0.0,0.0,1.0
2023-01-11,2023-01-11,17943.26,17315.6,17061.449,1,0,17943.26,4900.0,5185.93,10085.93,85.93,0.86,0.0,2.0
2023-01-12,2023-01-12,18846.62,17892.05,17278.824,1,0,18846.62,3430.0,6916.88,10346.88,346.88,3.47,0.0,3.0
2023-01-13,2023-01-13,19930.01,18714.12,17604.307000000004,1,0,19930.01,2401.0,8343.39,10744.39,744.39,7.44,0.0,4.0
2023-01-14,2023-01-14,20954.92,19888.05,18014.763,1,0,20954.92,1680.7,9492.68,11173.38,1173.38,11.73,0.0,5.0
2023-01-15,2023-01-15,20871.5,20551.01,18418.728,1,0,20871.5,1176.49,9959.05,11135.54,1135.54,11.36,0.34,6.0
2023-01-16,2023-01-16,21185.65,20611.48,18842.228,1,0,21185.65,823.54,10461.86,11285.4,1285.4,12.85,0.0,7.0
2023-01-17,2023-01-17,21134.81,20841.31,19261.352,1,0,21134.81,576.48,10683.79,11260.27,1260.27,12.6,0.22,8.0
2023-01-18,2023-01-18,20677.47,20407.15,19616.316,1,0,20677.47,403.54,10625.53,11029.06,1029.06,10.29,2.27,9.0
2023-01-19,2023-01-19,21071.59,20659.19,20005.648999999998,1,0,21071.59,282.48,10949.1,11231.58,1231.58,12.32,0.48,10.0
2023-01-20,2023-01-20,22667.21,20861.28,20528.303999999996,1,0,22667.21,282.48,11778.21,12060.69,2060.69,20.61,0.0,10.0
2023-01-21,2023-01-21,22783.55,22422.0,21012.332999999995,1,0,22783.55,282.48,11838.66,12121.14,2121.14,21.21,0.0,10.0
2023-01-22,2023-01-22,22707.88,22292.37,21398.458999999995,1,0,22707.88,282.48,11799.34,12081.82,2081.82,20.82,0.32,10.0
2023-01-23,2023-01-23,22916.45,22500.0,21697.102999999996,1,0,22916.45,282.48,11907.72,12190.2,2190.2,21.9,0.0,10.0
2023-01-24,2023-01-24,22632.89,22462.93,21864.9,1,0,22632.89,282.48,11760.38,12042.85,2042.85,20.43,1.21,10.0
2023-01-25,2023-01-25,23060.94,22300.0,22083.844,1,0,23060.94,282.48,11982.8,12265.27,2265.27,22.65,0.0,10.0
2023-01-26,2023-01-26,23009.65,22850.01,22266.244,1,0,23009.65,282.48,11956.15,12238.62,2238.62,22.39,0.22,10.0
2023-01-27,2023-01-27,23074.16,22534.88,22460.179,1,0,23074.16,282.48,11989.67,12272.14,2272.14,22.72,0.0,10.0
2023-01-28,2023-01-28,23022.6,22878.46,22694.692000000003,1,0,23022.6,282.48,11962.88,12245.35,2245.35,22.45,0.22,10.0
2023-01-29,2023-01-29,23742.3,22967.76,22961.763,1,0,23742.3,282.48,12336.84,12619.32,2619.32,26.19,0.0,10.0
2023-01-30,2023-01-30,22826.15,22500.0,22977.657,0,-1,22826.15,12142.09,0.0,12142.09,2142.09,21.42,3.78,0.0
2023-01-31,2023-01-31,23125.13,22714.77,23011.815000000002,1,0,23125.13,8499.46,3642.26,12141.72,2141.72,21.42,3.78,1.0
2023-02-01,2023-02-01,23732.66,22760.23,23114.293,1,0,23732.66,5949.62,6287.53,12237.16,2237.16,22.37,3.03,2.0
2023-02-02,2023-02-02,23488.94,23363.27,23171.542,1,0,23488.94,4164.74,8007.67,12172.41,2172.41,21.72,3.54,3.0
2023-02-03,2023-02-03,23431.9,23204.62,23251.443000000003,1,0,23431.9,2915.32,9237.52,12152.84,2152.84,21.53,3.7,4.0
2023-02-04,2023-02-04,23326.84,23253.96,23278.033000000003,1,0,23326.84,2040.72,10070.61,12111.33,2111.33,21.11,4.03,5.0
2023-02-05,2023-02-05,22932.91,22743.0,23270.359000000004,0,-1,22932.91,11940.28,0.0,11940.28,1940.28,19.4,5.38,0.0
2023-02-06,2023-02-06,22762.52,22628.13,23239.195,0,-1,22762.52,11940.28,0.0,11940.28,1940.28,19.4,5.38,0.0
2023-02-07,2023-02-07,23240.46,22745.78,23260.981,0,-1,23240.46,11940.28,0.0,11940.28,1940.28,19.4,5.38,0.0
2023-02-08,2023-02-08,22963.0,22665.85,23183.051,0,-1,22963.0,11940.28,0.0,11940.28,1940.28,19.4,5.38,0.0
2023-02-09,2023-02-09,21796.35,21688.0,23080.071000000004,0,-1,21796.35,11940.28,0.0,11940.28,1940.28,19.4,5.38,0.0
2023-02-10,2023-02-10,21625.19,21451.0,22930.077,0,-1,21625.19,11940.28,0.0,11940.28,1940.28,19.4,5.38,0.0
2023-02-11,2023-02-11,21862.55,21599.78,22743.066,0,-1,21862.55,11940.28,0.0,11940.28,1940.28,19.4,5.38,0.0
2023-02-12,2023-02-12,21783.54,21630.0,22572.526,0,-1,21783.54,11940.28,0.0,11940.28,1940.28,19.4,5.38,0.0
2023-02-13,2023-02-13,21773.97,21351.07,22406.733,0,-1,21773.97,11940.28,0.0,11940.28,1940.28,19.4,5.38,0.0
2023-02-14,2023-02-14,22199.84,21532.77,22294.033000000003,0,-1,22199.84,11940.28,0.0,11940.28,1940.28,19.4,5.38,0.0
2023-02-15,2023-02-15,24324.05,22047.28,22433.147,1,0,24324.05,8358.19,3581.72,11939.92,1939.92,19.4,5.38,1.0
2023-02-16,2023-02-16,23517.72,23505.25,22508.667,1,0,23517.72,5850.74,5970.2,11820.93,1820.93,18.21,6.33,2.0
2023-02-17,2023-02-17,24569.97,23339.37,22641.618000000002,1,0,24569.97,4095.51,7992.37,12087.88,2087.88,20.88,4.21,3.0
2023-02-18,2023-02-18,24631.95,24430.0,22808.513000000003,1,0,24631.95,2866.86,9241.06,12107.92,2107.92,21.08,4.05,4.0
2023-02-19,2023-02-19,24271.76,24192.57,23056.054000000004,1,0,24271.76,2006.8,9965.9,11972.7,1972.7,19.73,5.12,5.0
2023-02-20,2023-02-20,24842.2,23840.83,23377.755000000005,1,0,24842.2,1404.76,10802.1,12206.87,2206.87,22.07,3.27,6.0
2023-02-21,2023-02-21,24452.16,24148.34,23636.716000000008,1,0,24452.16,983.33,11053.89,12037.22,2037.22,20.37,4.61,7.0
2023-02-22,2023-02-22,24182.21,23574.69,23876.583000000006,1,0,24182.21,688.33,11226.83,11915.16,1915.16,19.15,5.58,8.0
2023-02-23,2023-02-23,23940.2,23608.0,24093.206000000006,0,-1,23940.2,11801.69,0.0,11801.69,1801.69,18.02,6.48,0.0
2023-02-24,2023-02-24,23185.29,22841.19,24191.751000000007,0,-1,23185.29,11801.69,0.0,11801.69,1801.69,18.02,6.48,0.0
2023-02-25,2023-02-25,23157.07,22722.0,24075.053000000007,0,-1,23157.07,11801.69,0.0,11801.69,1801.69,18.02,6.48,0.0
2023-02-26,2023-02-26,23554.85,23059.18,24078.76600000001,0,-1,23554.85,11801.69,0.0,11801.69,1801.69,18.02,6.48,0.0
2023-02-27,2023-02-27,23492.09,23106.77,23970.97800000001,0,-1,23492.09,11801.69,0.0,11801.69,1801.69,18.02,6.48,0.0
2023-02-28,2023-02-28,23141.57,23020.97,23821.94000000001,0,-1,23141.57,11801.69,0.0,11801.69,1801.69,18.02,6.48,0.0
2023-03-01,2023-03-01,23628.97,23020.03,23757.661000000007,0,-1,23628.97,11801.69,0.0,11801.69,1801.69,18.02,6.48,0.0
2023-03-02,2023-03-02,23465.32,23195.9,23619.973000000005,0,-1,23465.32,11801.69,0.0,11801.69,1801.69,18.02,6.48,0.0
2023-03-03,2023-03-03,22354.34,21971.13,23410.191000000006,0,-1,22354.34,11801.69,0.0,11801.69,1801.69,18.02,6.48,0.0
2023-03-04,2023-03-04,22346.57,22157.08,23226.627000000008,0,-1,22346.57,11801.69,0.0,11801.69,1801.69,18.02,6.48,0.0
2023-03-05,2023-03-05,22430.24,22189.22,23075.631000000005,0,-1,22430.24,11801.69,0.0,11801.69,1801.69,18.02,6.48,0.0
2023-03-06,2023-03-06,22410.0,22258.0,22998.102000000006,0,-1,22410.0,11801.69,0.0,11801.69,1801.69,18.02,6.48,0.0
2023-03-07,2023-03-07,22197.96,21927.0,22902.191000000003,0,-1,22197.96,11801.69,0.0,11801.69,1801.69,18.02,6.48,0.0
2023-03-08,2023-03-08,21705.44,21580.0,22717.250000000004,0,-1,21705.44,11801.69,0.0,11801.69,1801.69,18.02,6.48,0.0
2023-03-09,2023-03-09,20362.22,20042.72,22404.263000000003,0,-1,20362.22,11801.69,0.0,11801.69,1801.69,18.02,6.48,0.0
2023-03-10,2023-03-10,20150.69,19549.09,22105.175000000003,0,-1,20150.69,11801.69,0.0,11801.69,1801.69,18.02,6.48,0.0
2023-03-11,2023-03-11,20455.73,19765.03,21787.851000000002,0,-1,20455.73,11801.69,0.0,11801.69,1801.69,18.02,6.48,0.0
2023-03-12,2023-03-12,21997.11,20270.6,21641.030000000006,1,0,21997.11,8261.18,3540.15,11801.34,1801.34,18.01,6.48,1.0
2023-03-13,2023-03-13,24113.48,21813.88,21816.944000000007,1,0,24113.48,5782.83,6358.86,12141.69,2141.69,21.42,3.78,2.0
2023-03-14,2023-03-14,24670.41,23976.42,22049.328000000005,1,0,24670.41,4047.98,8240.4,12288.38,2288.38,22.88,2.62,3.0
2023-03-15,2023-03-15,24285.66,23896.95,22234.870000000006,1,0,24285.66,2833.59,9326.16,12159.75,2159.75,21.6,3.64,4.0
2023-03-16,2023-03-16,24998.78,24123.0,22493.748000000007,1,0,24998.78,1983.51,10450.01,12433.52,2433.52,24.34,1.47,5.0
2023-03-17,2023-03-17,27395.13,24890.0,23013.465000000007,1,0,27395.13,1388.46,12046.72,13435.18,3435.18,34.35,0.0,6.0
2023-03-18,2023-03-18,26907.49,26578.0,23533.670000000006,1,0,26907.49,971.92,12248.78,13220.7,3220.7,32.21,1.6,7.0
2023-03-19,2023-03-19,27972.87,26827.22,24294.735000000008,1,0,27972.87,680.34,13025.31,13705.66,3705.66,37.06,0.0,8.0
2023-03-20,2023-03-20,27717.01,27124.47,25051.367000000006,1,0,27717.01,476.24,13110.26,13586.5,3586.5,35.86,0.87,9.0
2023-03-21,2023-03-21,28105.47,27303.1,25816.341000000008,1,0,28105.47,333.37,13436.86,13770.23,3770.23,37.7,0.0,10.0
2023-03-22,2023-03-22,27250.97,26601.8,26341.727000000003,1,0,27250.97,333.37,13028.33,13361.7,3361.7,33.62,2.97,10.0
2023-03-23,2023-03-23,28295.41,27105.0,26759.920000000002,1,0,28295.41,333.37,13527.66,13861.03,3861.03,38.61,0.0,10.0
2023-03-24,2023-03-24,27454.47,27000.0,27038.326,1,0,27454.47,333.37,13125.62,13458.99,3458.99,34.59,2.9,10.0
2023-03-25,2023-03-25,27462.95,27156.09,27356.055,1,0,27462.95,333.37,13129.68,13463.04,3463.04,34.63,2.87,10.0
2023-03-26,2023-03-26,27968.05,27417.76,27652.982,1,0,27968.05,333.37,13371.16,13704.53,3704.53,37.05,1.13,10.0
2023-03-27,2023-03-27,27124.91,26508.14,27625.96,0,-1,27124.91,13300.14,0.0,13300.14,3300.14,33.0,4.05,0.0
2023-03-28,2023-03-28,27261.07,26631.78,27661.318,0,-1,27261.07,13300.14,0.0,13300.14,3300.14,33.0,4.05,0.0
2023-03-29,2023-03-29,28348.6,27240.1,27698.890999999996,1,0,28348.6,9310.09,3989.64,13299.74,3299.74,33.0,4.05,1.0
2023-03-30,2023-03-30,28028.53,27686.0,27730.042999999994,1,0,28028.53,6517.07,6737.35,13254.41,3254.41,32.54,4.38,2.0
2023-03-31,2023-03-31,28465.36,27511.71,27766.031999999996,1,0,28465.36,4561.95,8797.27,13359.22,3359.22,33.59,3.62,3.0
2023-04-01,2023-04-01,28452.73,28220.27,27886.207999999995,1,0,28452.73,3193.36,10161.82,13355.18,3355.18,33.55,3.65,4.0
2023-04-02,2023-04-02,28171.87,27856.43,27873.854,1,0,28171.87,2235.35,11019.42,13254.77,3254.77,32.55,4.37,5.0
2023-04-03,2023-04-03,27800.0,27200.24,27908.406999999996,0,-1,27800.0,13108.23,0.0,13108.23,3108.23,31.08,5.43,0.0
2023-04-04,2023-04-04,28165.47,27662.79,27978.658999999996,1,0,28165.47,9175.76,3932.08,13107.84,3107.84,31.08,5.43,1.0
2023-04-05,2023-04-05,28170.01,27805.1,27998.855,1,0,28170.01,6423.03,6685.16,13108.2,3108.2,31.08,5.43,2.0
2023-04-06,2023-04-06,28033.82,27711.0,28089.745999999996,0,-1,28033.82,13075.21,0.0,13075.21,3075.21,30.75,5.67,0.0
2023-04-07,2023-04-07,27906.33,27766.94,28154.271999999997,0,-1,27906.33,13075.21,0.0,13075.21,3075.21,30.75,5.67,0.0
2023-04-08,2023-04-08,27938.38,27859.02,28113.249999999993,0,-1,27938.38,13075.21,0.0,13075.21,3075.21,30.75,5.67,0.0
2023-04-09,2023-04-09,28323.76,27800.0,28142.772999999994,1,0,28323.76,9152.65,3922.17,13074.82,3074.82,30.75,5.67,1.0
2023-04-10,2023-04-10,29637.34,28170.0,28259.970999999998,1,0,29637.34,6406.85,6849.59,13256.44,3256.44,32.56,4.36,2.0
2023-04-11,2023-04-11,30200.42,29590.0,28434.739999999998,1,0,30200.42,4484.8,8901.59,13386.39,3386.39,33.86,3.42,3.0
2023-04-12,2023-04-12,29888.07,29637.4,28606.359999999997,1,0,29888.07,3139.36,10154.83,13294.19,3294.19,32.94,4.09,4.0
2023-04-13,2023-04-13,30373.84,29854.59,28863.744,1,0,30373.84,2197.55,11261.59,13459.14,3459.14,34.59,2.9,5.0
2023-04-14,2023-04-14,30466.93,29966.0,29093.890000000003,1,0,30466.93,1538.29,11955.3,13493.59,3493.59,34.94,2.65,6.0
2023-04-15,2023-04-15,30295.09,30202.0,29306.398000000005,1,0,30295.09,1076.8,12349.31,13426.11,3426.11,34.26,3.14,7.0
2023-04-16,2023-04-16,30304.65,30120.0,29533.481000000007,1,0,30304.65,753.76,12676.22,13429.98,3429.98,34.3,3.11,8.0
2023-04-17,2023-04-17,29430.27,29240.65,29685.875000000007,0,-1,29430.27,13063.0,0.0,13063.0,3063.0,30.63,5.76,0.0
2023-04-18,2023-04-18,30380.01,29096.78,29930.038000000008,1,0,30380.01,9144.1,3918.51,13062.61,3062.61,30.63,5.76,1.0
2023-04-19,2023-04-19,28797.1,28520.0,29977.372000000003,0,-1,28797.1,12858.07,0.0,12858.07,2858.07,28.58,7.24,0.0
2023-04-20,2023-04-20,28243.65,28010.0,29838.003000000004,0,-1,28243.65,12858.07,0.0,12858.07,2858.07,28.58,7.24,0.0
2023-04-21,2023-04-21,27262.84,27125.0,29544.245000000006,0,-1,27262.84,12858.07,0.0,12858.07,2858.07,28.58,7.24,0.0
2023-04-22,2023-04-22,27816.85,27140.35,29337.123000000003,0,-1,27816.85,12858.07,0.0,12858.07,2858.07,28.58,7.24,0.0
2023-04-23,2023-04-23,27590.6,27311.25,29058.799,0,-1,27590.6,12858.07,0.0,12858.07,2858.07,28.58,7.24,0.0
2023-04-24,2023-04-24,27510.93,26942.82,28763.199,0,-1,27510.93,12858.07,0.0,12858.07,2858.07,28.58,7.24,0.0
2023-04-25,2023-04-25,28300.79,27192.0,28563.769,0,-1,28300.79,12858.07,0.0,12858.07,2858.07,28.58,7.24,0.0
2023-04-26,2023-04-26,28415.29,27235.0,28374.833000000002,1,0,28415.29,9000.65,3857.03,12857.68,2857.68,28.58,7.24,1.0
2023-04-27,2023-04-27,29472.77,28378.86,28379.083000000002,1,0,29472.77,6300.45,6700.5,13000.95,3000.95,30.01,6.21,2.0
2023-04-28,2023-04-28,29311.7,28891.0,28272.252,1,0,29311.7,4410.32,8553.83,12964.14,2964.14,29.64,6.47,3.0
2023-04-29,2023-04-29,29230.45,29031.0,28315.587,1,0,29230.45,3087.22,9853.08,12940.3,2940.3,29.4,6.64,4.0
2023-04-30,2023-04-30,29233.21,29079.59,28414.542999999998,1,0,29233.21,2161.06,10780.08,12941.14,2941.14,29.41,6.64,5.0
2023-05-01,2023-05-01,28068.26,27666.95,28495.085,0,-1,28068.26,12510.51,0.0,12510.51,2510.51,25.11,9.74,0.0
2023-05-02,2023-05-02,28669.86,27872.0,28580.386,1,0,28669.86,8757.36,3752.78,12510.14,2510.14,25.1,9.75,1.0
2023-05-03,2023-05-03,29026.16,28113.69,28723.942,1,0,29026.16,6130.15,6426.36,12556.51,2556.51,25.57,9.41,2.0
2023-05-04,2023-05-04,28838.16,28663.64,28856.664999999997,0,-1,28838.16,12514.25,0.0,12514.25,2514.25,25.14,9.72,0.0
2023-05-05,2023-05-05,29505.61,28800.0,28977.146999999997,1,0,29505.61,8759.98,3753.9,12513.88,2513.88,25.14,9.72,1.0
2023-05-06,2023-05-06,28848.2,28300.0,29020.437999999995,0,-1,28848.2,12429.87,0.0,12429.87,2429.87,24.3,10.33,0.0
2023-05-07,2023-05-07,28430.1,28395.23,28916.170999999995,0,-1,28430.1,12429.87,0.0,12429.87,2429.87,24.3,10.33,0.0
2023-05-08,2023-05-08,27668.79,27262.0,28751.879999999994,0,-1,27668.79,12429.87,0.0,12429.87,2429.87,24.3,10.33,0.0
2023-05-09,2023-05-09,27628.27,27353.0,28591.661999999993,0,-1,27628.27,12429.87,0.0,12429.87,2429.87,24.3,10.33,0.0
2023-05-10,2023-05-10,27598.75,26777.0,28428.215999999993,0,-1,27598.75,12429.87,0.0,12429.87,2429.87,24.3,10.33,0.0
2023-05-11,2023-05-11,26968.62,26702.05,28318.25199999999,0,-1,26968.62,12429.87,0.0,12429.87,2429.87,24.3,10.33,0.0
2023-05-12,2023-05-12,26795.01,25811.46,28130.766999999993,0,-1,26795.01,12429.87,0.0,12429.87,2429.87,24.3,10.33,0.0
2023-05-13,2023-05-13,26775.28,26692.03,27905.678999999993,0,-1,26775.28,12429.87,0.0,12429.87,2429.87,24.3,10.33,0.0
2023-05-14,2023-05-14,26917.62,26560.53,27713.624999999993,0,-1,26917.62,12429.87,0.0,12429.87,2429.87,24.3,10.33,0.0
2023-05-15,2023-05-15,27162.14,26726.0,27479.278,0,-1,27162.14,12429.87,0.0,12429.87,2429.87,24.3,10.33,0.0
2023-05-16,2023-05-16,27033.84,26852.11,27297.841999999997,0,-1,27033.84,12429.87,0.0,12429.87,2429.87,24.3,10.33,0.0
2023-05-17,2023-05-17,27405.61,26544.71,27195.393,1,0,27405.61,8700.91,3728.59,12429.5,2429.5,24.29,10.33,1.0
2023-05-18,2023-05-18,26821.28,26361.2,27110.642,0,-1,26821.28,12349.63,0.0,12349.63,2349.63,23.5,10.9,0.0
2023-05-19,2023-05-19,26880.26,26630.0,27035.840999999997,0,-1,26880.26,12349.63,0.0,12349.63,2349.63,23.5,10.9,0.0
2023-05-20,2023-05-20,27102.43,26825.11,26986.208999999995,1,0,27102.43,8644.74,3704.52,12349.26,2349.26,23.49,10.91,1.0
2023-05-21,2023-05-21,26747.78,26666.03,26964.125,0,-1,26747.78,12300.42,0.0,12300.42,2300.42,23.0,11.26,0.0
2023-05-22,2023-05-22,26849.27,26538.21,26969.551,0,-1,26849.27,12300.42,0.0,12300.42,2300.42,23.0,11.26,0.0
2023-05-23,2023-05-23,27219.61,26798.11,27013.984000000004,1,0,27219.61,8610.29,3689.76,12300.05,2300.05,23.0,11.26,1.0
2023-05-24,2023-05-24,26329.01,26080.5,26955.123000000003,0,-1,26329.01,12178.97,0.0,12178.97,2178.97,21.79,12.14,0.0
2023-05-25,2023-05-25,26473.79,25871.89,26886.288,0,-1,26473.79,12178.97,0.0,12178.97,2178.97,21.79,12.14,0.0
2023-05-26,2023-05-26,26705.92,26327.24,26853.496000000003,0,-1,26705.92,12178.97,0.0,12178.97,2178.97,21.79,12.14,0.0
2023-05-27,2023-05-27,26854.27,26551.0,26798.362000000005,1,0,26854.27,8525.28,3653.33,12178.6,2178.6,21.79,12.14,1.0
2023-05-28,2023-05-28,28065.0,26764.36,26922.734000000008,1,0,28065.0,5967.7,6375.36,12343.06,2343.06,23.43,10.95,2.0
2023-05-29,2023-05-29,27736.4,27524.6,27008.34800000001,1,0,27736.4,4177.39,8090.85,12268.23,2268.23,22.68,11.49,3.0
2023-05-30,2023-05-30,27694.4,27554.0,27067.545000000013,1,0,27694.4,2924.17,9331.69,12255.86,2255.86,22.56,11.58,4.0
2023-05-31,2023-05-31,27210.35,26839.01,27113.802000000014,1,0,27210.35,2046.92,10045.75,12092.67,2092.67,20.93,12.76,5.0
2023-06-01,2023-06-01,26817.93,26605.05,27110.668000000016,0,-1,26817.93,11946.8,0.0,11946.8,1946.8,19.47,13.81,0.0
2023-06-02,2023-06-02,27242.59,26505.0,27112.966000000022,1,0,27242.59,8362.76,3583.68,11946.44,1946.44,19.46,13.81,1.0
2023-06-03,2023-06-03,27069.22,26914.93,27186.987000000023,0,-1,27069.22,11923.28,0.0,11923.28,1923.28,19.23,13.98,0.0
2023-06-04,2023-06-04,27115.21,26951.0,27251.129000000023,0,-1,27115.21,11923.28,0.0,11923.28,1923.28,19.23,13.98,0.0
2023-06-05,2023-06-05,25728.2,25388.0,27153.357000000025,0,-1,25728.2,11923.28,0.0,11923.28,1923.28,19.23,13.98,0.0
2023-06-06,2023-06-06,27230.08,25351.02,27190.938000000024,1,0,27230.08,8346.3,3576.63,11922.92,1922.92,19.23,13.98,1.0
2023-06-07,2023-06-07,26339.34,26125.01,27018.372000000025,0,-1,26339.34,11805.58,0.0,11805.58,1805.58,18.06,14.83,0.0
2023-06-08,2023-06-08,26498.61,26210.0,26894.59300000003,0,-1,26498.61,11805.58,0.0,11805.58,1805.58,18.06,14.83,0.0
2023-06-09,2023-06-09,26477.81,26269.91,26772.93400000003,0,-1,26477.81,11805.58,0.0,11805.58,1805.58,18.06,14.83,0.0
2023-06-10,2023-06-10,25841.21,25358.0,26636.02000000003,0,-1,25841.21,11805.58,0.0,11805.58,1805.58,18.06,14.83,0.0
2023-06-11,2023-06-11,25925.55,25634.7,26546.78200000003,0,-1,25925.55,11805.58,0.0,11805.58,1805.58,18.06,14.83,0.0
2023-06-12,2023-06-12,25905.19,25602.11,26413.042000000027,0,-1,25905.19,11805.58,0.0,11805.58,1805.58,18.06,14.83,0.0
2023-06-13,2023-06-13,25934.25,25712.57,26299.54500000003,0,-1,25934.25,11805.58,0.0,11805.58,1805.58,18.06,14.83,0.0
2023-06-14,2023-06-14,25128.6,24820.56,26100.88400000003,0,-1,25128.6,11805.58,0.0,11805.58,1805.58,18.06,14.83,0.0
2023-06-15,2023-06-15,25598.49,24800.0,26087.91300000003,0,-1,25598.49,11805.58,0.0,11805.58,1805.58,18.06,14.83,0.0
2023-06-16,2023-06-16,26345.0,25175.56,25999.405000000028,1,0,26345.0,8263.91,3541.32,11805.23,1805.23,18.05,14.83,1.0
2023-06-17,2023-06-17,26516.99,26181.0,26017.170000000027,1,0,26516.99,5784.73,6043.36,11828.1,1828.1,18.28,14.67,2.0
2023-06-18,2023-06-18,26339.97,26255.85,26001.306000000026,1,0,26339.97,4049.31,7738.27,11787.58,1787.58,17.88,14.96,3.0
2023-06-19,2023-06-19,26844.35,26256.61,26037.96000000003,1,0,26844.35,2834.52,9101.12,11935.64,1935.64,19.36,13.89,4.0
2023-06-20,2023-06-20,28307.99,26652.0,26284.638000000028,1,0,28307.99,1984.16,10447.61,12431.77,2431.77,24.32,10.31,5.0
2023-06-21,2023-06-21,29993.89,28257.99,26691.47200000003,1,0,29993.89,1388.91,11665.01,13053.93,3053.93,30.54,5.82,6.0
2023-06-22,2023-06-22,29884.92,29525.61,27089.44500000003,1,0,29884.92,972.24,12039.27,13011.51,3011.51,30.12,6.13,7.0
2023-06-23,2023-06-23,30688.5,29800.0,27564.87000000003,1,0,30688.5,680.57,12654.63,13335.2,3335.2,33.35,3.79,8.0
2023-06-24,2023-06-24,30527.43,30250.0,28104.753000000033,1,0,30527.43,476.4,12792.37,13268.76,3268.76,32.69,4.27,9.0
2023-06-25,2023-06-25,30462.66,30277.49,28591.17000000003,1,0,30462.66,333.48,12908.13,13241.61,3241.61,32.42,4.47,10.0
2023-06-26,2023-06-26,30267.99,29930.0,28983.46900000003,1,0,30267.99,333.48,12825.64,13159.12,3159.12,31.59,5.06,10.0
2023-06-27,2023-06-27,30692.44,30226.17,29401.014000000032,1,0,30692.44,333.48,13005.5,13338.97,3338.97,33.39,3.77,10.0
2023-06-28,2023-06-28,30077.41,29858.8,29774.758000000023,1,0,30077.41,333.48,12744.89,13078.36,3078.36,30.78,5.65,10.0
2023-06-29,2023-06-29,30447.31,30049.98,30135.054000000026,1,0,30447.31,333.48,12901.63,13235.1,3235.1,32.35,4.52,10.0
2023-06-30,2023-06-30,30472.0,29500.0,30351.455000000027,1,0,30472.0,333.48,12912.09,13245.57,3245.57,32.46,4.44,10.0
2023-07-01,2023-07-01,30585.9,30320.57,30410.656000000028,1,0,30585.9,333.48,12960.35,13293.83,3293.83,32.94,4.09,10.0
2023-07-02,2023-07-02,30617.03,30155.0,30483.867000000027,1,0,30617.03,333.48,12973.54,13307.02,3307.02,33.07,4.0,10.0
2023-07-03,2023-07-03,31156.2,30570.27,30530.637000000028,1,0,31156.2,333.48,13202.01,13535.49,3535.49,35.35,2.35,10.0
2023-07-04,2023-07-04,30766.51,30620.0,30554.54500000003,1,0,30766.51,333.48,13036.88,13370.36,3370.36,33.7,3.54,10.0
2023-07-05,2023-07-05,30504.81,30200.0,30558.76000000003,0,-1,30504.81,13258.18,0.0,13258.18,3258.18,32.58,4.35,0.0
2023-07-06,2023-07-06,29895.43,29850.45,30521.504000000034,0,-1,29895.43,13258.18,0.0,13258.18,3258.18,32.58,4.35,0.0
2023-07-07,2023-07-07,30344.7,29701.02,30486.730000000032,0,-1,30344.7,13258.18,0.0,13258.18,3258.18,32.58,4.35,0.0
2023-07-08,2023-07-08,30284.63,30044.47,30507.452000000038,0,-1,30284.63,13258.18,0.0,13258.18,3258.18,32.58,4.35,0.0
2023-07-09,2023-07-09,30160.71,30061.12,30478.792000000038,0,-1,30160.71,13258.18,0.0,13258.18,3258.18,32.58,4.35,0.0
2023-07-10,2023-07-10,30411.57,29950.0,30472.74900000004,0,-1,30411.57,13258.18,0.0,13258.18,3258.18,32.58,4.35,0.0
2023-07-11,2023-07-11,30622.1,30300.0,30476.369000000035,1,0,30622.1,9280.72,3977.06,13257.78,3257.78,32.58,4.35,1.0
2023-07-12,2023-07-12,30380.0,30210.0,30452.666000000037,0,-1,30380.0,13225.94,0.0,13225.94,3225.94,32.26,4.58,0.0
2023-07-13,2023-07-13,31454.23,30251.0,30482.469000000034,1,0,31454.23,9258.16,3967.39,13225.54,3225.54,32.26,4.58,1.0
2023-07-14,2023-07-14,30312.01,29900.0,30437.019000000037,0,-1,30312.01,13081.09,0.0,13081.09,3081.09,30.81,5.63,0.0
2023-07-15,2023-07-15,30289.52,30200.0,30415.490000000038,0,-1,30289.52,13081.09,0.0,13081.09,3081.09,30.81,5.63,0.0
2023-07-16,2023-07-16,30231.99,30064.29,30449.146000000037,0,-1,30231.99,13081.09,0.0,13081.09,3081.09,30.81,5.63,0.0
2023-07-17,2023-07-17,30138.0,29659.2,30428.476000000035,0,-1,30138.0,13081.09,0.0,13081.09,3081.09,30.81,5.63,0.0
2023-07-18,2023-07-18,29859.13,29512.0,30385.926000000036,0,-1,29859.13,13081.09,0.0,13081.09,3081.09,30.81,5.63,0.0
2023-07-19,2023-07-19,29909.21,29761.96,30360.776000000034,0,-1,29909.21,13081.09,0.0,13081.09,3081.09,30.81,5.63,0.0
2023-07-20,2023-07-20,29800.0,29570.96,30299.619000000035,0,-1,29800.0,13081.09,0.0,13081.09,3081.09,30.81,5.63,0.0
2023-07-21,2023-07-21,29901.72,29726.34,30227.581000000042,0,-1,29901.72,13081.09,0.0,13081.09,3081.09,30.81,5.63,0.0
2023-07-22,2023-07-22,29794.0,29625.1,30168.98100000004,0,-1,29794.0,13081.09,0.0,13081.09,3081.09,30.81,5.63,0.0
2023-07-23,2023-07-23,30083.75,29730.0,30031.93300000004,1,0,30083.75,9156.76,3923.93,13080.7,3080.7,30.81,5.63,1.0
2023-07-24,2023-07-24,29176.5,28861.9,29918.38200000004,0,-1,29176.5,12961.98,0.0,12961.98,2961.98,29.62,6.49,0.0
2023-07-25,2023-07-25,29228.91,29047.65,29812.321000000036,0,-1,29228.91,12961.98,0.0,12961.98,2961.98,29.62,6.49,0.0
2023-07-26,2023-07-26,29351.96,29096.94,29724.31800000004,0,-1,29351.96,12961.98,0.0,12961.98,2961.98,29.62,6.49,0.0
2023-07-27,2023-07-27,29222.78,29083.85,29632.796000000042,0,-1,29222.78,12961.98,0.0,12961.98,2961.98,29.62,6.49,0.0
2023-07-28,2023-07-28,29314.14,29123.12,29578.297000000042,0,-1,29314.14,12961.98,0.0,12961.98,2961.98,29.62,6.49,0.0
2023-07-29,2023-07-29,29352.9,29256.18,29522.666000000045,0,-1,29352.9,12961.98,0.0,12961.98,2961.98,29.62,6.49,0.0
2023-07-30,2023-07-30,29281.09,29033.24,29470.775000000045,0,-1,29281.09,12961.98,0.0,12961.98,2961.98,29.62,6.49,0.0
2023-07-31,2023-07-31,29232.25,29101.8,29403.82800000005,0,-1,29232.25,12961.98,0.0,12961.98,2961.98,29.62,6.49,0.0
2023-08-01,2023-08-01,29705.99,28585.7,29395.02700000005,1,0,29705.99,9073.39,3888.21,12961.59,2961.59,29.62,6.49,1.0
2023-08-02,2023-08-02,29186.01,28927.5,29305.253000000048,0,-1,29186.01,12893.15,0.0,12893.15,2893.15,28.93,6.98,0.0
2023-08-03,2023-08-03,29193.64,28968.0,29306.96700000005,0,-1,29193.64,12893.15,0.0,12893.15,2893.15,28.93,6.98,0.0
2023-08-04,2023-08-04,29113.99,28807.54,29295.475000000053,0,-1,29113.99,12893.15,0.0,12893.15,2893.15,28.93,6.98,0.0
2023-08-05,2023-08-05,29072.13,28978.64,29267.49200000005,0,-1,29072.13,12893.15,0.0,12893.15,2893.15,28.93,6.98,0.0
2023-08-06,2023-08-06,29088.42,28991.88,29254.056000000048,0,-1,29088.42,12893.15,0.0,12893.15,2893.15,28.93,6.98,0.0
2023-08-07,2023-08-07,29211.06,28701.03,29243.748000000043,0,-1,29211.06,12893.15,0.0,12893.15,2893.15,28.93,6.98,0.0
2023-08-08,2023-08-08,29770.42,29146.45,29285.50000000004,1,0,29770.42,9025.21,3867.56,12892.76,2892.76,28.93,6.99,1.0
2023-08-09,2023-08-09,29581.99,29376.67,29315.590000000037,1,0,29581.99,6317.64,6550.37,12868.01,2868.01,28.68,7.16,2.0
2023-08-10,2023-08-10,29455.75,29320.2,29337.94000000004,1,0,29455.75,4422.35,8417.52,12839.87,2839.87,28.4,7.37,3.0
2023-08-11,2023-08-11,29426.03,29252.45,29309.94400000004,1,0,29426.03,3095.65,9735.6,12831.25,2831.25,28.31,7.43,4.0
2023-08-12,2023-08-12,29430.17,29381.56,29334.360000000037,1,0,29430.17,2166.95,10665.57,12832.52,2832.52,28.33,7.42,5.0
2023-08-13,2023-08-13,29303.84,29272.32,29345.38000000004,0,-1,29303.84,12785.68,0.0,12785.68,2785.68,27.86,7.76,0.0
2023-08-14,2023-08-14,29430.93,29102.45,29377.07400000004,1,0,29430.93,8949.97,3835.32,12785.29,2785.29,27.85,7.76,1.0
2023-08-15,2023-08-15,29200.0,29059.6,29389.86100000004,0,-1,29200.0,12754.82,0.0,12754.82,2754.82,27.55,7.98,0.0
2023-08-16,2023-08-16,28730.51,28723.08,29354.070000000043,0,-1,28730.51,12754.82,0.0,12754.82,2754.82,27.55,7.98,0.0
2023-08-17,2023-08-17,26623.41,25166.0,29095.30500000004,0,-1,26623.41,12754.82,0.0,12754.82,2754.82,27.55,7.98,0.0
2023-08-18,2023-08-18,26054.0,25619.0,28723.66300000004,0,-1,26054.0,12754.82,0.0,12754.82,2754.82,27.55,7.98,0.0
2023-08-19,2023-08-19,26100.01,25801.09,28375.465000000044,0,-1,26100.01,12754.82,0.0,12754.82,2754.82,27.55,7.98,0.0
2023-08-20,2023-08-20,26189.99,25971.05,28048.889000000043,0,-1,26189.99,12754.82,0.0,12754.82,2754.82,27.55,7.98,0.0
2023-08-21,2023-08-21,26126.92,25812.0,27718.978000000043,0,-1,26126.92,12754.82,0.0,12754.82,2754.82,27.55,7.98,0.0
2023-08-22,2023-08-22,26056.0,25300.0,27381.561000000045,0,-1,26056.0,12754.82,0.0,12754.82,2754.82,27.55,7.98,0.0
2023-08-23,2023-08-23,26432.72,25812.82,27094.449000000044,0,-1,26432.72,12754.82,0.0,12754.82,2754.82,27.55,7.98,0.0
2023-08-24,2023-08-24,26180.05,25864.0,26769.361000000044,0,-1,26180.05,12754.82,0.0,12754.82,2754.82,27.55,7.98,0.0
2023-08-25,2023-08-25,26060.01,25777.15,26455.362000000045,0,-1,26060.01,12754.82,0.0,12754.82,2754.82,27.55,7.98,0.0
2023-08-26,2023-08-26,26017.37,25985.92,26184.048000000046,0,-1,26017.37,12754.82,0.0,12754.82,2754.82,27.55,7.98,0.0
2023-08-27,2023-08-27,26101.77,25966.11,26131.884000000042,0,-1,26101.77,12754.82,0.0,12754.82,2754.82,27.55,7.98,0.0
2023-08-28,2023-08-28,26120.0,25864.5,26138.484000000044,0,-1,26120.0,12754.82,0.0,12754.82,2754.82,27.55,7.98,0.0
2023-08-29,2023-08-29,27716.34,25922.0,26300.117000000046,1,0,27716.34,8928.37,3826.06,12754.44,2754.44,27.54,7.98,1.0
2023-08-30,2023-08-30,27299.99,27017.24,26411.117000000046,1,0,27299.99,6249.86,6446.83,12696.7,2696.7,26.97,8.4,2.0
2023-08-31,2023-08-31,25940.78,25655.01,26392.503000000048,0,-1,25940.78,12375.11,0.0,12375.11,2375.11,23.75,10.72,0.0
2023-09-01,2023-09-01,25805.05,25333.75,26367.408000000047,0,-1,25805.05,12375.11,0.0,12375.11,2375.11,23.75,10.72,0.0
2023-09-02,2023-09-02,25869.51,25752.47,26311.087000000047,0,-1,25869.51,12375.11,0.0,12375.11,2375.11,23.75,10.72,0.0
2023-09-03,2023-09-03,25971.21,25800.0,26290.20300000005,0,-1,25971.21,12375.11,0.0,12375.11,2375.11,23.75,10.72,0.0
2023-09-04,2023-09-04,25826.02,25631.21,26266.80400000005,0,-1,25826.02,12375.11,0.0,12375.11,2375.11,23.75,10.72,0.0
2023-09-05,2023-09-05,25792.1,25562.62,26244.27700000005,0,-1,25792.1,12375.11,0.0,12375.11,2375.11,23.75,10.72,0.0
2023-09-06,2023-09-06,25759.95,25372.51,26210.095000000052,0,-1,25759.95,12375.11,0.0,12375.11,2375.11,23.75,10.72,0.0
2023-09-07,2023-09-07,26255.0,25615.38,26223.595000000052,1,0,26255.0,8662.58,3712.16,12374.74,2374.74,23.75,10.72,1.0
2023-09-08,2023-09-08,25910.5,25647.26,26043.011000000053,0,-1,25910.5,12325.66,0.0,12325.66,2325.66,23.26,11.08,0.0
2023-09-09,2023-09-09,25901.61,25796.64,25903.173000000057,0,-1,25901.61,12325.66,0.0,12325.66,2325.66,23.26,11.08,0.0
2023-09-10,2023-09-10,25841.61,25570.57,25893.25600000006,0,-1,25841.61,12325.66,0.0,12325.66,2325.66,23.26,11.08,0.0
2023-09-11,2023-09-11,25162.52,24901.0,25829.00300000006,0,-1,25162.52,12325.66,0.0,12325.66,2325.66,23.26,11.08,0.0
2023-09-12,2023-09-12,25840.1,25131.48,25826.062000000056,1,0,25840.1,8627.96,3697.33,12325.29,2325.29,23.25,11.08,1.0
2023-09-13,2023-09-13,26222.0,25764.17,25851.141000000058,1,0,26222.0,6039.57,6340.1,12379.68,2379.68,23.8,10.69,2.0
2023-09-14,2023-09-14,26522.73,26126.77,25920.81200000006,1,0,26522.73,4227.7,8224.51,12452.21,2452.21,24.52,10.16,3.0
2023-09-15,2023-09-15,26600.0,26224.0,26001.60200000006,1,0,26600.0,2959.39,9516.65,12476.04,2476.04,24.76,9.99,4.0
2023-09-16,2023-09-16,26559.67,26445.0,26081.57400000006,1,0,26559.67,2071.57,10389.95,12461.53,2461.53,24.62,10.1,5.0
2023-09-17,2023-09-17,26527.51,26399.0,26108.82500000006,1,0,26527.51,1450.1,10998.78,12448.88,2448.88,24.49,10.19,6.0
2023-09-18,2023-09-18,26762.51,26377.35,26194.02600000006,1,0,26762.51,1015.07,11531.2,12546.27,2546.27,25.46,9.49,7.0
2023-09-19,2023-09-19,27210.26,26667.79,26324.89100000006,1,0,27210.26,710.55,12028.62,12739.17,2739.17,27.39,8.09,8.0
2023-09-20,2023-09-20,27125.0,26800.0,26453.23000000006,1,0,27125.0,497.38,12204.07,12701.45,2701.45,27.01,8.37,9.0
2023-09-21,2023-09-21,26568.08,26377.7,26593.786000000062,0,-1,26568.08,12449.69,0.0,12449.69,2449.69,24.5,10.18,0.0
2023-09-22,2023-09-22,26580.14,26468.77,26667.79000000006,0,-1,26580.14,12449.69,0.0,12449.69,2449.69,24.5,10.18,0.0
2023-09-23,2023-09-23,26575.96,26509.0,26703.186000000063,0,-1,26575.96,12449.69,0.0,12449.69,2449.69,24.5,10.18,0.0
2023-09-24,2023-09-24,26248.38,26122.08,26675.75100000006,0,-1,26248.38,12449.69,0.0,12449.69,2449.69,24.5,10.18,0.0
2023-09-25,2023-09-25,26304.81,25990.46,26646.232000000058,0,-1,26304.81,12449.69,0.0,12449.69,2449.69,24.5,10.18,0.0
2023-09-26,2023-09-26,26221.67,26088.34,26612.43200000006,0,-1,26221.67,12449.69,0.0,12449.69,2449.69,24.5,10.18,0.0
2023-09-27,2023-09-27,26372.99,26112.06,26596.980000000058,0,-1,26372.99,12449.69,0.0,12449.69,2449.69,24.5,10.18,0.0
2023-09-28,2023-09-28,27021.39,26342.4,26622.868000000057,1,0,27021.39,8714.78,3734.53,12449.32,2449.32,24.49,10.18,1.0
2023-09-29,2023-09-29,26906.96,26665.16,26592.53800000006,1,0,26906.96,6100.35,6332.89,12433.24,2433.24,24.33,10.3,2.0
2023-09-30,2023-09-30,26962.56,26886.31,26576.29400000006,1,0,26962.56,4270.24,8175.9,12446.14,2446.14,24.46,10.21,3.0
2023-10-01,2023-10-01,27992.57,26954.09,26718.743000000057,1,0,27992.57,2989.17,9769.18,12758.35,2758.35,27.58,7.96,4.0
2023-10-02,2023-10-02,27494.51,27281.44,26810.18000000006,1,0,27494.51,2092.42,10492.02,12584.44,2584.44,25.84,9.21,5.0
2023-10-03,2023-10-03,27426.46,27160.5,26895.230000000058,1,0,27426.46,1464.69,11093.71,12558.41,2558.41,25.58,9.4,6.0
2023-10-04,2023-10-04,27778.57,27202.0,27048.249000000058,1,0,27778.57,1025.29,11675.5,12700.79,2700.79,27.01,8.37,7.0
2023-10-05,2023-10-05,27410.39,27352.0,27158.80700000006,1,0,27410.39,717.7,11828.31,12546.01,2546.01,25.46,9.49,8.0
2023-10-06,2023-10-06,27931.09,27175.94,27329.74900000006,1,0,27931.09,502.39,12268.29,12770.68,2770.68,27.71,7.87,9.0
2023-10-07,2023-10-07,27956.67,27842.08,27488.117000000064,1,0,27956.67,351.67,12430.23,12781.9,2781.9,27.82,7.79,10.0
2023-10-08,2023-10-08,27917.05,27687.5,27577.68300000006,1,0,27917.05,351.67,12412.62,12764.29,2764.29,27.64,7.91,10.0
2023-10-09,2023-10-09,27590.12,27260.0,27645.99900000006,0,-1,27590.12,12617.7,0.0,12617.7,2617.7,26.18,8.97,0.0
2023-10-10,2023-10-10,27390.12,27298.0,27688.755000000063,0,-1,27390.12,12617.7,0.0,12617.7,2617.7,26.18,8.97,0.0
2023-10-11,2023-10-11,26875.52,26538.66,27577.050000000065,0,-1,26875.52,12617.7,0.0,12617.7,2617.7,26.18,8.97,0.0
2023-10-12,2023-10-12,26759.63,26555.0,27503.562000000064,0,-1,26759.63,12617.7,0.0,12617.7,2617.7,26.18,8.97,0.0
2023-10-13,2023-10-13,26862.0,26685.0,27447.11600000006,0,-1,26862.0,12617.7,0.0,12617.7,2617.7,26.18,8.97,0.0
2023-10-14,2023-10-14,26852.48,26789.0,27354.50700000006,0,-1,26852.48,12617.7,0.0,12617.7,2617.7,26.18,8.97,0.0
2023-10-15,2023-10-15,27154.15,26808.25,27328.88300000006,0,-1,27154.15,12617.7,0.0,12617.7,2617.7,26.18,8.97,0.0
2023-10-16,2023-10-16,28500.78,27112.66,27385.85200000006,1,0,28500.78,8832.39,3784.93,12617.32,2617.32,26.17,8.97,1.0
2023-10-17,2023-10-17,28395.91,28069.32,27429.77600000006,1,0,28395.91,6182.67,6420.46,12603.13,2603.13,26.03,9.08,2.0
2023-10-18,2023-10-18,28320.0,28142.87,27470.07100000006,1,0,28320.0,4327.87,8257.91,12585.78,2585.78,25.86,9.2,3.0
2023-10-19,2023-10-19,28713.71,28100.66,27582.430000000062,1,0,28713.71,3029.51,9670.94,12700.45,2700.45,27.0,8.37,4.0
2023-10-20,2023-10-20,29669.04,28578.29,27810.322000000062,1,0,29669.04,2120.66,10901.47,13022.12,3022.12,30.22,6.05,5.0
2023-10-21,2023-10-21,29909.8,29464.77,28113.750000000065,1,0,29909.8,1484.46,11626.06,13110.52,3110.52,31.11,5.41,6.0
2023-10-22,2023-10-22,29992.46,29640.0,28437.033000000065,1,0,29992.46,1039.12,12103.49,13142.61,3142.61,31.43,5.18,7.0
2023-10-23,2023-10-23,33069.99,29883.6,29057.832000000064,1,0,33069.99,727.39,13657.13,14384.52,4384.52,43.85,0.0,8.0
2023-10-24,2023-10-24,33922.73,32832.34,29764.857000000065,1,0,33922.73,509.17,14227.49,14736.66,4736.66,47.37,0.0,9.0
2023-10-25,2023-10-25,34496.05,33679.05,30499.04700000006,1,0,34496.05,356.42,14620.68,14977.1,4977.1,49.77,0.0,10.0
2023-10-26,2023-10-26,34151.66,33751.0,31064.135000000068,1,0,34151.66,356.42,14474.72,14831.13,4831.13,48.31,0.97,10.0
2023-10-27,2023-10-27,33892.02,33390.95,31613.746000000072,1,0,33892.02,356.42,14364.67,14721.09,4721.09,47.21,1.71,10.0
2023-10-28,2023-10-28,34081.0,33860.0,32189.84600000007,1,0,34081.0,356.42,14444.77,14801.19,4801.19,48.01,1.17,10.0
2023-10-29,2023-10-29,34525.89,33930.0,32771.06400000007,1,0,34525.89,356.42,14633.33,14989.75,4989.75,49.9,0.0,10.0
2023-10-30,2023-10-30,34474.73,34062.84,33251.633000000074,1,0,34474.73,356.42,14611.64,14968.06,4968.06,49.68,0.14,10.0
2023-10-31,2023-10-31,34639.77,34025.0,33724.63000000008,1,0,34639.77,356.42,14681.59,15038.01,5038.01,50.38,0.0,10.0
2023-11-01,2023-11-01,35421.43,34097.39,34267.527000000075,1,0,35421.43,356.42,15012.89,15369.31,5369.31,53.69,0.0,10.0
2023-11-02,2023-11-02,34941.59,34300.0,34454.68700000007,1,0,34941.59,356.42,14809.52,15165.93,5165.93,51.66,1.32,10.0
2023-11-03,2023-11-03,34716.78,34120.0,34534.09200000008,1,0,34716.78,356.42,14714.23,15070.65,5070.65,50.71,1.94,10.0
2023-11-04,2023-11-04,35062.07,34585.18,34590.694000000076,1,0,35062.07,356.42,14860.58,15217.0,5217.0,52.17,0.99,10.0
2023-11-05,2023-11-05,35011.88,34448.0,34676.71600000007,1,0,35011.88,356.42,14839.31,15195.73,5195.73,51.96,1.13,10.0
2023-11-06,2023-11-06,35046.09,34725.9,34792.123000000065,1,0,35046.09,356.42,14853.81,15210.23,5210.23,52.1,1.04,10.0
2023-11-07,2023-11-07,35399.12,34523.06,34923.93500000007,1,0,35399.12,356.42,15003.43,15359.85,5359.85,53.6,0.06,10.0
2023-11-08,2023-11-08,35624.72,35100.0,35033.818000000065,1,0,35624.72,356.42,15099.05,15455.47,5455.47,54.55,0.0,10.0
2023-11-09,2023-11-09,36701.09,35534.05,35256.45400000006,1,0,36701.09,356.42,15555.26,15911.68,5911.68,59.12,0.0,10.0
2023-11-10,2023-11-10,37301.63,36324.71,35522.64000000006,1,0,37301.63,356.42,15809.79,16166.21,6166.21,61.66,0.0,10.0
2023-11-11,2023-11-11,37130.0,36666.93,35693.49700000006,1,0,37130.0,356.42,15737.04,16093.46,6093.46,60.93,0.45,10.0
2023-11-12,2023-11-12,37064.13,36731.1,35905.75100000006,1,0,37064.13,356.42,15709.13,16065.54,6065.54,60.66,0.62,10.0
2023-11-13,2023-11-13,36462.93,36333.0,36080.36600000005,1,0,36462.93,356.42,15454.32,15810.73,5810.73,58.11,2.2,10.0
2023-11-14,2023-11-14,35551.19,34800.0,36129.27800000006,0,-1,35551.19,15422.8,0.0,15422.8,5422.8,54.23,4.6,0.0
2023-11-15,2023-11-15,37858.2,35360.0,36413.910000000054,1,0,37858.2,10795.96,4626.38,15422.34,5422.34,54.22,4.6,1.0
2023-11-16,2023-11-16,36163.51,35500.0,36525.65200000006,0,-1,36163.51,15214.8,0.0,15214.8,5214.8,52.15,5.89,0.0
2023-11-17,2023-11-17,36613.92,35861.1,36647.132000000056,0,-1,36613.92,15214.8,0.0,15214.8,5214.8,52.15,5.89,0.0
2023-11-18,2023-11-18,36568.1,36178.58,36741.47000000005,0,-1,36568.1,15214.8,0.0,15214.8,5214.8,52.15,5.89,0.0
2023-11-19,2023-11-19,37359.86,36384.02,36807.34700000005,1,0,37359.86,10650.36,4563.98,15214.34,5214.34,52.14,5.89,1.0
2023-11-20,2023-11-20,37448.78,36677.0,36822.062000000056,1,0,37448.78,7455.25,7769.63,15224.89,5224.89,52.25,5.82,2.0
2023-11-21,2023-11-21,35741.65,35735.0,36683.22700000006,0,-1,35741.65,14869.96,0.0,14869.96,4869.96,48.7,8.02,0.0
2023-11-22,2023-11-22,37408.34,35632.01,36717.64800000006,1,0,37408.34,10408.97,4460.54,14869.51,4869.51,48.7,8.02,1.0
2023-11-23,2023-11-23,37294.28,36870.0,36800.783000000054,1,0,37294.28,7286.28,7569.32,14855.6,4855.6,48.56,8.11,2.0
2023-11-24,2023-11-24,37713.57,37251.51,37017.02100000005,1,0,37713.57,5100.4,9840.09,14940.48,4940.48,49.4,7.58,3.0
2023-11-25,2023-11-25,37780.67,37591.1,37009.268000000055,1,0,37780.67,3570.28,11387.56,14957.84,4957.84,49.58,7.47,4.0
2023-11-26,2023-11-26,37447.43,37150.0,37137.66000000005,1,0,37447.43,2499.19,12358.09,14857.29,4857.29,48.57,8.1,5.0
2023-11-27,2023-11-27,37242.7,36707.0,37200.53800000005,1,0,37242.7,1749.44,13040.21,14789.65,4789.65,47.9,8.52,6.0
2023-11-28,2023-11-28,37818.87,36868.41,37325.615000000056,1,0,37818.87,1224.61,13766.73,14991.34,4991.34,49.91,7.27,7.0
2023-11-29,2023-11-29,37854.64,37570.0,37375.09300000006,1,0,37854.64,857.22,14147.1,15004.32,5004.32,50.04,7.19,8.0
2023-11-30,2023-11-30,37723.96,37500.0,37402.61100000006,1,0,37723.96,600.06,14355.4,14955.46,4955.46,49.55,7.49,9.0
2023-12-01,2023-12-01,38682.52,37615.86,37696.69800000006,1,0,38682.52,420.04,14900.17,15320.21,5320.21,53.2,5.23,10.0
2023-12-02,2023-12-02,39450.35,38641.61,37900.899000000056,1,0,39450.35,420.04,15195.93,15615.97,5615.97,56.16,3.4,10.0
2023-12-03,2023-12-03,39972.26,39274.86,38168.69700000006,1,0,39972.26,420.04,15396.96,15817.0,5817.0,58.17,2.16,10.0
2023-12-04,2023-12-04,41991.1,39972.26,38596.450000000055,1,0,41991.1,420.04,16174.6,16594.64,6594.64,65.95,0.0,10.0
2023-12-05,2023-12-05,44073.32,41414.0,39225.715000000055,1,0,44073.32,420.04,16976.66,17396.7,7396.7,73.97,0.0,10.0
2023-12-06,2023-12-06,43762.69,43335.28,39857.24100000005,1,0,43762.69,420.04,16857.01,17277.04,7277.04,72.77,0.69,10.0
2023-12-07,2023-12-07,43273.14,42821.1,40460.285000000054,1,0,43273.14,420.04,16668.43,17088.47,7088.47,70.88,1.77,10.0
2023-12-08,2023-12-08,44170.99,43081.1,41095.497000000054,1,0,44170.99,420.04,17014.28,17434.32,7434.32,74.34,0.0,10.0
2023-12-09,2023-12-09,43713.6,43584.51,41681.393000000055,1,0,43713.6,420.04,16838.1,17258.14,7258.14,72.58,1.01,10.0
2023-12-10,2023-12-10,43789.51,43563.0,42287.94800000005,1,0,43789.51,420.04,16867.34,17287.38,7287.38,72.87,0.84,10.0
2023-12-11,2023-12-11,41253.4,40222.0,42545.03600000005,0,-1,41253.4,16308.9,0.0,16308.9,6308.9,63.09,6.46,0.0
2023-12-12,2023-12-12,41492.39,40680.0,42749.240000000056,0,-1,41492.39,16308.9,0.0,16308.9,6308.9,63.09,6.46,0.0
2023-12-13,2023-12-13,42869.03,40555.0,43038.91700000005,0,-1,42869.03,16308.9,0.0,16308.9,6308.9,63.09,6.46,0.0
2023-12-14,2023-12-14,43022.26,41400.0,43142.033000000054,0,-1,43022.26,16308.9,0.0,16308.9,6308.9,63.09,6.46,0.0
2023-12-15,2023-12-15,41940.3,41666.0,42928.73100000005,0,-1,41940.3,16308.9,0.0,16308.9,6308.9,63.09,6.46,0.0
2023-12-16,2023-12-16,42278.03,41605.0,42780.26500000005,0,-1,42278.03,16308.9,0.0,16308.9,6308.9,63.09,6.46,0.0
2023-12-17,2023-12-17,41374.65,41252.0,42590.41600000005,0,-1,41374.65,16308.9,0.0,16308.9,6308.9,63.09,6.46,0.0
2023-12-18,2023-12-18,42657.8,40542.93,42439.09700000005,1,0,42657.8,11416.23,4892.18,16308.41,6308.41,63.08,6.46,1.0
2023-12-19,2023-12-19,42275.99,41811.1,42295.336000000054,0,-1,42275.99,16264.14,0.0,16264.14,6264.14,62.64,6.71,0.0
2023-12-20,2023-12-20,43668.93,42206.0,42283.27800000005,1,0,43668.93,11384.9,4878.75,16263.65,6263.65,62.64,6.71,1.0
2023-12-21,2023-12-21,43861.8,43286.72,42544.118000000046,1,0,43861.8,7969.43,8315.43,16284.86,6284.86,62.85,6.59,2.0
2023-12-22,2023-12-22,43969.04,43412.54,42791.78300000004,1,0,43969.04,5578.6,10726.35,16304.95,6304.95,63.05,6.48,3.0
2023-12-23,2023-12-23,43702.16,43291.1,42875.09600000004,1,0,43702.16,3905.02,12334.65,16239.67,6239.67,62.4,6.85,4.0
2023-12-24,2023-12-24,42991.5,42500.0,42872.02000000004,1,0,42991.5,2733.51,13305.46,16038.98,6038.98,60.39,8.0,5.0
2023-12-25,2023-12-25,43576.13,42720.43,43035.60300000005,1,0,43576.13,1913.46,14306.37,16219.83,6219.83,62.2,6.97,6.0
2023-12-26,2023-12-26,42508.93,41637.6,43058.69300000004,0,-1,42508.93,15868.07,0.0,15868.07,5868.07,58.68,8.98,0.0
2023-12-27,2023-12-27,43428.85,42098.69,43264.11300000004,1,0,43428.85,11107.65,4759.94,15867.59,5867.59,58.68,8.99,1.0
2023-12-28,2023-12-28,42563.76,42241.79,43254.709000000046,0,-1,42563.76,15772.31,0.0,15772.31,5772.31,57.72,9.53,0.0
2023-12-29,2023-12-29,42066.95,41300.0,43233.805000000044,0,-1,42066.95,15772.31,0.0,15772.31,5772.31,57.72,9.53,0.0
2023-12-30,2023-12-30,42140.28,41520.3,43080.940000000046,0,-1,42140.28,15772.31,0.0,15772.31,5772.31,57.72,9.53,0.0
2023-12-31,2023-12-31,42283.58,41965.84,42923.11800000005,0,-1,42283.58,15772.31,0.0,15772.31,5772.31,57.72,9.53,0.0
2024-01-01,2024-01-01,44179.55,42180.77,42944.16900000005,1,0,44179.55,11040.62,4731.22,15771.84,5771.84,57.72,9.54,1.0
2024-01-02,2024-01-02,44946.91,44148.34,43068.64400000005,1,0,44946.91,7728.43,8125.25,15853.68,5853.68,58.54,9.07,2.0
2024-01-03,2024-01-03,42845.23,40750.0,43054.01700000005,0,-1,42845.23,15472.98,0.0,15472.98,5472.98,54.73,11.25,0.0
2024-01-04,2024-01-04,44151.1,42613.77,43111.51400000005,1,0,44151.1,10831.08,4641.43,15472.51,5472.51,54.73,11.25,1.0
2024-01-05,2024-01-05,44145.11,42450.0,43275.13200000005,1,0,44145.11,7581.76,7889.8,15471.56,5471.56,54.72,11.26,2.0
2024-01-06,2024-01-06,43968.32,43397.05,43329.07900000005,1,0,43968.32,5307.23,10132.5,15439.73,5439.73,54.4,11.44,3.0
2024-01-07,2024-01-07,43929.02,43572.09,43465.605000000054,1,0,43929.02,3715.06,11715.46,15430.52,5430.52,54.31,11.49,4.0
2024-01-08,2024-01-08,46951.04,43175.0,43954.01400000005,1,0,46951.04,2600.54,13635.81,16236.35,6236.35,62.36,6.87,5.0
2024-01-09,2024-01-09,46110.0,44748.67,44350.98600000005,1,0,46110.0,1820.38,14171.63,15992.01,5992.01,59.92,8.27,6.0
2024-01-10,2024-01-10,46653.99,44300.36,44788.027000000046,1,0,46653.99,1274.27,14884.88,16159.15,6159.15,61.59,7.31,7.0
2024-01-11,2024-01-11,46339.16,45606.06,45003.98800000005,1,0,46339.16,891.99,15166.68,16058.67,6058.67,60.59,7.89,8.0
2024-01-12,2024-01-12,42782.73,41500.0,44787.57000000004,0,-1,42782.73,14893.26,0.0,14893.26,4893.26,48.93,14.58,0.0
2024-01-13,2024-01-13,42847.99,42436.12,44787.84600000004,0,-1,42847.99,14893.26,0.0,14893.26,4893.26,48.93,14.58,0.0
2024-01-14,2024-01-14,41732.35,41720.0,44545.97100000004,0,-1,41732.35,14893.26,0.0,14893.26,4893.26,48.93,14.58,0.0
2024-01-15,2024-01-15,42511.1,41718.05,44382.57000000004,0,-1,42511.1,14893.26,0.0,14893.26,4893.26,48.93,14.58,0.0
2024-01-16,2024-01-16,43137.95,42050.0,44299.53300000004,0,-1,43137.95,14893.26,0.0,14893.26,4893.26,48.93,14.58,0.0
2024-01-17,2024-01-17,42776.1,42200.69,44184.24100000004,0,-1,42776.1,14893.26,0.0,14893.26,4893.26,48.93,14.58,0.0
2024-01-18,2024-01-18,41327.5,40683.28,43621.88700000004,0,-1,41327.5,14893.26,0.0,14893.26,4893.26,48.93,14.58,0.0
2024-01-19,2024-01-19,41659.03,40280.0,43176.79000000004,0,-1,41659.03,14893.26,0.0,14893.26,4893.26,48.93,14.58,0.0
2024-01-20,2024-01-20,41696.04,41456.3,42680.99500000004,0,-1,41696.04,14893.26,0.0,14893.26,4893.26,48.93,14.58,0.0
2024-01-21,2024-01-21,41580.33,41500.98,42205.11200000004,0,-1,41580.33,14893.26,0.0,14893.26,4893.26,48.93,14.58,0.0
2024-01-22,2024-01-22,39568.02,39431.58,41883.64100000005,0,-1,39568.02,14893.26,0.0,14893.26,4893.26,48.93,14.58,0.0
2024-01-23,2024-01-23,39897.6,38555.0,41588.60200000004,0,-1,39897.6,14893.26,0.0,14893.26,4893.26,48.93,14.58,0.0
2024-01-24,2024-01-24,40084.88,39484.19,41423.85500000005,0,-1,40084.88,14893.26,0.0,14893.26,4893.26,48.93,14.58,0.0
2024-01-25,2024-01-25,39961.09,39550.0,41168.85400000005,0,-1,39961.09,14893.26,0.0,14893.26,4893.26,48.93,14.58,0.0
2024-01-26,2024-01-26,41823.51,39822.52,41037.41000000005,1,0,41823.51,10425.28,4467.53,14892.81,4892.81,48.93,14.58,1.0
2024-01-27,2024-01-27,42120.63,41394.34,40971.863000000056,1,0,42120.63,7297.7,7626.54,14924.23,4924.23,49.24,14.4,2.0
2024-01-28,2024-01-28,42031.06,41620.81,41042.219000000056,1,0,42031.06,5108.39,9799.41,14907.8,4907.8,49.08,14.49,3.0
2024-01-29,2024-01-29,43302.7,41804.88,41206.586000000054,1,0,43302.7,3575.87,11628.25,15204.12,5204.12,52.04,12.79,4.0
2024-01-30,2024-01-30,42941.1,42683.99,41331.09200000005,1,0,42941.1,2503.11,12603.8,15106.91,5106.91,51.07,13.35,5.0
2024-01-31,2024-01-31,42580.0,42276.84,41431.05900000005,1,0,42580.0,1752.18,13248.67,15000.85,5000.85,50.01,13.96,6.0
2024-02-01,2024-02-01,43082.94,41884.28,41782.55100000005,1,0,43082.94,15155.89,0.0,15155.89,5155.89,51.56,13.07,0.0

回测指标摘要
初始资金,$10000.00
最终资金,$15155.89
总收益率,51.56%
年化收益率,47.87%
最大回撤,14.96%
总交易次数,157
胜率,40.13%
盈亏比,2.02
夏普比率,1.58
